USE DiningDucks;
TRUNCATE TABLE User;
TRUNCATE TABLE Company;
TRUNCATE TABLE RestaurantLocation;
TRUNCATE TABLE Category;
TRUNCATE TABLE CustomerReview;
TRUNCATE TABLE Rating;
TRUNCATE TABLE EmployeeReview;
TRUNCATE TABLE EmployeeRating;


-- USER

INSERT INTO User(user_id,name,email,role) VALUES ('1','Georgeanna Want','gwant0@reference.com','employee');
INSERT INTO User(user_id,name,email,role) VALUES ('2','Elianora Overlow','eoverlow1@bravesites.com','company');
INSERT INTO User(user_id,name,email,role) VALUES ('3','Bink Reams','breams2@wiley.com','employee');
INSERT INTO User(user_id,name,email,role) VALUES ('4','Gerladina Marrian','gmarrian3@fotki.com','employee');
INSERT INTO User(user_id,name,email,role) VALUES ('5','Grover Coatts','gcoatts4@merriam-webster.com','reviewer');
INSERT INTO User(user_id,name,email,role) VALUES ('6','Ame Khoter','akhoter5@soup.io','employee');
INSERT INTO User(user_id,name,email,role) VALUES ('7','Rebekkah Poppy','rpoppy6@plala.or.jp','employee');
INSERT INTO User(user_id,name,email,role) VALUES ('8','Correna Kondrat','ckondrat7@elegantthemes.com','reviewer');
INSERT INTO User(user_id,name,email,role) VALUES ('9','Lexi Blaisdell','lblaisdell8@technorati.com','reviewer');
INSERT INTO User(user_id,name,email,role) VALUES ('10','Fabe Grimsdith','fgrimsdith9@google.es','reviewer');
INSERT INTO User(user_id,name,email,role) VALUES ('11','Valry Livings','vlivingsa@ftc.gov','admin');
INSERT INTO User(user_id,name,email,role) VALUES ('12','Alexia O'' Culligan','aob@youtube.com','admin');
INSERT INTO User(user_id,name,email,role) VALUES ('13','Falito Hext','fhextc@eepurl.com','company');
INSERT INTO User(user_id,name,email,role) VALUES ('14','Randa Sprasen','rsprasend@abc.net.au','reviewer');
INSERT INTO User(user_id,name,email,role) VALUES ('15','Philippa Welchman','pwelchmane@altervista.org','reviewer');
INSERT INTO User(user_id,name,email,role) VALUES ('16','Don Worner','dwornerf@slashdot.org','reviewer');
INSERT INTO User(user_id,name,email,role) VALUES ('17','Glenn Lightfoot','glightfootg@360.cn','reviewer');
INSERT INTO User(user_id,name,email,role) VALUES ('18','Etienne Thicking','ethickingh@ebay.co.uk','reviewer');
INSERT INTO User(user_id,name,email,role) VALUES ('19','Catlaina Salvador','csalvadori@utexas.edu','company');
INSERT INTO User(user_id,name,email,role) VALUES ('20','Charisse Delong','cdelongj@stumbleupon.com','admin');
INSERT INTO User(user_id,name,email,role) VALUES ('21','Harlene Cain','hcaink@pinterest.com','company');
INSERT INTO User(user_id,name,email,role) VALUES ('22','Gloria Eicheler','geichelerl@goodreads.com','reviewer');
INSERT INTO User(user_id,name,email,role) VALUES ('23','April Dumbrall','adumbrallm@intel.com','employee');
INSERT INTO User(user_id,name,email,role) VALUES ('24','Gilly Shivlin','gshivlinn@yale.edu','reviewer');
INSERT INTO User(user_id,name,email,role) VALUES ('25','Deb Aiton','daitono@cnn.com','reviewer');
INSERT INTO User(user_id,name,email,role) VALUES ('26','Susanne Normabell','snormabellp@issuu.com','employee');
INSERT INTO User(user_id,name,email,role) VALUES ('27','Otha Nettleship','onettleshipq@surveymonkey.com','employee');
INSERT INTO User(user_id,name,email,role) VALUES ('28','Neila Haselup','nhaselupr@soup.io','employee');
INSERT INTO User(user_id,name,email,role) VALUES ('29','Marni Stiff','mstiffs@altervista.org','reviewer');
INSERT INTO User(user_id,name,email,role) VALUES ('30','Arman Chatres','achatrest@unc.edu','admin');
INSERT INTO User(user_id,name,email,role) VALUES ('31','Christoph Yarmouth','cyarmouthu@github.com','reviewer');
INSERT INTO User(user_id,name,email,role) VALUES ('32','Lesly Hinz','lhinzv@bandcamp.com','admin');
INSERT INTO User(user_id,name,email,role) VALUES ('33','Jerome Lohan','jlohanw@newyorker.com','reviewer');
INSERT INTO User(user_id,name,email,role) VALUES ('34','Jacqui Lapthorne','jlapthornex@discovery.com','reviewer');
INSERT INTO User(user_id,name,email,role) VALUES ('35','Jeane Pays','jpaysy@posterous.com','reviewer');
INSERT INTO User(user_id,name,email,role) VALUES ('36','Taddeusz Garmon','tgarmonz@cdbaby.com','employee');
INSERT INTO User(user_id,name,email,role) VALUES ('37','Leonanie Steggles','lsteggles10@over-blog.com','admin');
INSERT INTO User(user_id,name,email,role) VALUES ('38','Petunia Bethell','pbethell11@dyndns.org','admin');
INSERT INTO User(user_id,name,email,role) VALUES ('39','Lona Sadat','lsadat12@huffingtonpost.com','reviewer');
INSERT INTO User(user_id,name,email,role) VALUES ('40','Deanna Rowcastle','drowcastle13@wisc.edu','company');

-- COMPANY

INSERT INTO Company(company_id,name) VALUES (1,'Midtown Bites');
INSERT INTO Company(company_id,name) VALUES (2,'Lighthouse Dining');
INSERT INTO Company(company_id,name) VALUES (3,'Oak Table');
INSERT INTO Company(company_id,name) VALUES (4,'Riverstone Dining');
INSERT INTO Company(company_id,name) VALUES (5,'Skyline Kitchen');
INSERT INTO Company(company_id,name) VALUES (6,'Maple & Main');
INSERT INTO Company(company_id,name) VALUES (7,'Morning Star Cafe');
INSERT INTO Company(company_id,name) VALUES (8,'Cedar Plate');
INSERT INTO Company(company_id,name) VALUES (9,'Amber Table');
INSERT INTO Company(company_id,name) VALUES (10,'Summit Table');
INSERT INTO Company(company_id,name) VALUES (11,'Stonebridge Grill');
INSERT INTO Company(company_id,name) VALUES (12,'Willow & Fork');
INSERT INTO Company(company_id,name) VALUES (13,'West End Grill');
INSERT INTO Company(company_id,name) VALUES (14,'Brick Oven House');
INSERT INTO Company(company_id,name) VALUES (15,'Urban Bite');
INSERT INTO Company(company_id,name) VALUES (16,'Coastal Spoon');
INSERT INTO Company(company_id,name) VALUES (17,'Cornerstone Cafe');
INSERT INTO Company(company_id,name) VALUES (18,'Lighthouse Dining');
INSERT INTO Company(company_id,name) VALUES (19,'Ironwood Kitchen');
INSERT INTO Company(company_id,name) VALUES (20,'Urban Bite');
INSERT INTO Company(company_id,name) VALUES (21,'Skyline Kitchen');
INSERT INTO Company(company_id,name) VALUES (22,'Eastwood Eats');
INSERT INTO Company(company_id,name) VALUES (23,'Crimson Fork');
INSERT INTO Company(company_id,name) VALUES (24,'Northwind Diner');
INSERT INTO Company(company_id,name) VALUES (25,'Oak Table');
INSERT INTO Company(company_id,name) VALUES (26,'Ironwood Kitchen');
INSERT INTO Company(company_id,name) VALUES (27,'Urban Bite');
INSERT INTO Company(company_id,name) VALUES (28,'Golden Hour Bistro');
INSERT INTO Company(company_id,name) VALUES (29,'Blue Harbor Grill');
INSERT INTO Company(company_id,name) VALUES (30,'Brick Oven House');
INSERT INTO Company(company_id,name) VALUES (31,'Dining Ducks');
INSERT INTO Company(company_id,name) VALUES (32,'Golden Fork');
INSERT INTO Company(company_id,name) VALUES (33,'Maple & Main');
INSERT INTO Company(company_id,name) VALUES (34,'Cornerstone Cafe');
INSERT INTO Company(company_id,name) VALUES (35,'Blue Harbor Grill');
INSERT INTO Company(company_id,name) VALUES (36,'Bluebird Dining');
INSERT INTO Company(company_id,name) VALUES (37,'Harbor & Hearth');
INSERT INTO Company(company_id,name) VALUES (38,'Velvet Plate');
INSERT INTO Company(company_id,name) VALUES (39,'Lighthouse Dining');
INSERT INTO Company(company_id,name) VALUES (40,'Harvest & Co');

-- RESTAURANT LOCATION

INSERT INTO RestaurantLocation(location_id,company_id,address,city,price_range) VALUES (1,13,'69916 Dixon Road','Santa Rosa de Lima','$$');
INSERT INTO RestaurantLocation(location_id,company_id,address,city,price_range) VALUES (2,2,'3 Kings Plaza','Sarae','$$$');
INSERT INTO RestaurantLocation(location_id,company_id,address,city,price_range) VALUES (3,28,'9520 Cody Junction','Selouane','$$$');
INSERT INTO RestaurantLocation(location_id,company_id,address,city,price_range) VALUES (4,2,'17186 Leroy Point','Säffle','$$$$');
INSERT INTO RestaurantLocation(location_id,company_id,address,city,price_range) VALUES (5,23,'61780 Myrtle Plaza','San Juan Ixcoy','$$');
INSERT INTO RestaurantLocation(location_id,company_id,address,city,price_range) VALUES (6,3,'7921 Homewood Alley','Ubon Ratchathani','$$$');
INSERT INTO RestaurantLocation(location_id,company_id,address,city,price_range) VALUES (7,22,'827 Vahlen Place','Göteborg','$$');
INSERT INTO RestaurantLocation(location_id,company_id,address,city,price_range) VALUES (8,30,'21933 Dunning Street','Santo Domingo','$$');
INSERT INTO RestaurantLocation(location_id,company_id,address,city,price_range) VALUES (9,21,'9 Norway Maple Drive','Boavista','$$$');
INSERT INTO RestaurantLocation(location_id,company_id,address,city,price_range) VALUES (10,9,'52897 Huxley Park','Матејче','$');
INSERT INTO RestaurantLocation(location_id,company_id,address,city,price_range) VALUES (11,4,'332 Ridgeview Court','Annecy','$$$$');
INSERT INTO RestaurantLocation(location_id,company_id,address,city,price_range) VALUES (12,10,'6266 Granby Parkway','Jiefang','$');
INSERT INTO RestaurantLocation(location_id,company_id,address,city,price_range) VALUES (13,26,'25 Alpine Circle','Jazovo','$');
INSERT INTO RestaurantLocation(location_id,company_id,address,city,price_range) VALUES (14,13,'28250 Haas Terrace','San Carlos','$$$');
INSERT INTO RestaurantLocation(location_id,company_id,address,city,price_range) VALUES (15,6,'85131 Spaight Street','Donja Mahala','$$$');
INSERT INTO RestaurantLocation(location_id,company_id,address,city,price_range) VALUES (16,27,'852 Evergreen Way','Zuoxi','$$$$');
INSERT INTO RestaurantLocation(location_id,company_id,address,city,price_range) VALUES (17,7,'2 Division Place','Rustāq','$$$');
INSERT INTO RestaurantLocation(location_id,company_id,address,city,price_range) VALUES (18,16,'8282 Carey Place','Skoroszyce','$$$$');
INSERT INTO RestaurantLocation(location_id,company_id,address,city,price_range) VALUES (19,37,'6 Lunder Point','Huurch','$$');
INSERT INTO RestaurantLocation(location_id,company_id,address,city,price_range) VALUES (20,37,'991 Forest Drive','Jiangcun','$$');
INSERT INTO RestaurantLocation(location_id,company_id,address,city,price_range) VALUES (21,6,'39884 Prairieview Court','Paris 12','$$$');
INSERT INTO RestaurantLocation(location_id,company_id,address,city,price_range) VALUES (22,40,'27 Mayer Street','São João Nepomuceno','$');
INSERT INTO RestaurantLocation(location_id,company_id,address,city,price_range) VALUES (23,31,'21 Atwood Pass','Casa Branca','$');
INSERT INTO RestaurantLocation(location_id,company_id,address,city,price_range) VALUES (24,3,'8 Starling Drive','Asprángeloi','$$$');
INSERT INTO RestaurantLocation(location_id,company_id,address,city,price_range) VALUES (25,5,'7834 Elmside Court','Luchingu','$$$');
INSERT INTO RestaurantLocation(location_id,company_id,address,city,price_range) VALUES (26,3,'6766 Porter Place','Sale','$');
INSERT INTO RestaurantLocation(location_id,company_id,address,city,price_range) VALUES (27,16,'95108 Barby Drive','Kedungasem','$$');
INSERT INTO RestaurantLocation(location_id,company_id,address,city,price_range) VALUES (28,7,'55722 Cherokee Avenue','Kaduseeng','$');
INSERT INTO RestaurantLocation(location_id,company_id,address,city,price_range) VALUES (29,18,'45 Old Shore Trail','Jinshan','$');
INSERT INTO RestaurantLocation(location_id,company_id,address,city,price_range) VALUES (30,25,'58028 Carpenter Alley','Pirassununga','$');
INSERT INTO RestaurantLocation(location_id,company_id,address,city,price_range) VALUES (31,3,'235 Express Place','Bcharré','$$$');
INSERT INTO RestaurantLocation(location_id,company_id,address,city,price_range) VALUES (32,23,'9307 Hollow Ridge Place','Pecka','$$$$');
INSERT INTO RestaurantLocation(location_id,company_id,address,city,price_range) VALUES (33,34,'4 Arizona Avenue','Olyka','$');
INSERT INTO RestaurantLocation(location_id,company_id,address,city,price_range) VALUES (34,32,'0397 Shoshone Point','Łąka Prudnicka','$$$$');
INSERT INTO RestaurantLocation(location_id,company_id,address,city,price_range) VALUES (35,20,'08562 Holmberg Circle','Trairi','$$$$');
INSERT INTO RestaurantLocation(location_id,company_id,address,city,price_range) VALUES (36,18,'631 Harbort Lane','Garzón','$$$');
INSERT INTO RestaurantLocation(location_id,company_id,address,city,price_range) VALUES (37,4,'6 Bayside Way','Zhangjiafang','$$$');
INSERT INTO RestaurantLocation(location_id,company_id,address,city,price_range) VALUES (38,18,'2 Burrows Crossing','Alfeizerão','$$$$');
INSERT INTO RestaurantLocation(location_id,company_id,address,city,price_range) VALUES (39,1,'76 Harbort Hill','El Nido','$$$$');
INSERT INTO RestaurantLocation(location_id,company_id,address,city,price_range) VALUES (40,20,'411 Old Shore Pass','Tengah','$');
INSERT INTO RestaurantLocation(location_id,company_id,address,city,price_range) VALUES (41,20,'0 Pawling Trail','Houmt Souk','$$$$');
INSERT INTO RestaurantLocation(location_id,company_id,address,city,price_range) VALUES (42,37,'6881 Bartelt Junction','Norak','$');
INSERT INTO RestaurantLocation(location_id,company_id,address,city,price_range) VALUES (43,39,'5 Reindahl Drive','Yaosai','$$$');
INSERT INTO RestaurantLocation(location_id,company_id,address,city,price_range) VALUES (44,6,'7427 East Alley','Okanagan','$$$');
INSERT INTO RestaurantLocation(location_id,company_id,address,city,price_range) VALUES (45,27,'223 Oak Terrace','Desa Baregbeg','$$$$');
INSERT INTO RestaurantLocation(location_id,company_id,address,city,price_range) VALUES (46,6,'7692 Sommers Crossing','Shawnee Mission','$$$$');
INSERT INTO RestaurantLocation(location_id,company_id,address,city,price_range) VALUES (47,18,'66 Sage Trail','Bintang','$');
INSERT INTO RestaurantLocation(location_id,company_id,address,city,price_range) VALUES (48,37,'664 Goodland Park','Cidahu','$$$$');
INSERT INTO RestaurantLocation(location_id,company_id,address,city,price_range) VALUES (49,23,'0708 Melrose Terrace','Strogino','$');
INSERT INTO RestaurantLocation(location_id,company_id,address,city,price_range) VALUES (50,37,'5 Northport Alley','Xiongchi','$$');
INSERT INTO RestaurantLocation(location_id,company_id,address,city,price_range) VALUES (51,8,'84813 Mayfield Park','Kamárai','$');
INSERT INTO RestaurantLocation(location_id,company_id,address,city,price_range) VALUES (52,35,'42140 Clyde Gallagher Avenue','Kudusan','$$');
INSERT INTO RestaurantLocation(location_id,company_id,address,city,price_range) VALUES (53,1,'7005 Cody Parkway','Pangalangan','$$$$');
INSERT INTO RestaurantLocation(location_id,company_id,address,city,price_range) VALUES (54,16,'68 Cambridge Place','Wenshao','$$$$');
INSERT INTO RestaurantLocation(location_id,company_id,address,city,price_range) VALUES (55,34,'758 Merchant Junction','Menzel Abderhaman','$');
INSERT INTO RestaurantLocation(location_id,company_id,address,city,price_range) VALUES (56,10,'9 Lyons Hill','Beishan','$$$$');
INSERT INTO RestaurantLocation(location_id,company_id,address,city,price_range) VALUES (57,30,'3027 Bunker Hill Trail','Lagunas','$$$');
INSERT INTO RestaurantLocation(location_id,company_id,address,city,price_range) VALUES (58,25,'1510 Sauthoff Crossing','Nerópolis','$');
INSERT INTO RestaurantLocation(location_id,company_id,address,city,price_range) VALUES (59,20,'0469 Superior Street','Bečmen','$$');
INSERT INTO RestaurantLocation(location_id,company_id,address,city,price_range) VALUES (60,30,'304 Fairfield Point','Velventós','$$$$');
INSERT INTO RestaurantLocation(location_id,company_id,address,city,price_range) VALUES (61,4,'79381 Gulseth Point','Nuevo Arraiján','$');
INSERT INTO RestaurantLocation(location_id,company_id,address,city,price_range) VALUES (62,1,'54649 School Trail','Baisha','$$$$');
INSERT INTO RestaurantLocation(location_id,company_id,address,city,price_range) VALUES (63,36,'8672 Nancy Drive','Ōkuchi','$');
INSERT INTO RestaurantLocation(location_id,company_id,address,city,price_range) VALUES (64,14,'270 Laurel Circle','Kabar Utara','$$$$');
INSERT INTO RestaurantLocation(location_id,company_id,address,city,price_range) VALUES (65,22,'13 Holmberg Plaza','Lobuni','$');
INSERT INTO RestaurantLocation(location_id,company_id,address,city,price_range) VALUES (66,36,'0 Eagle Crest Trail','Marigot','$$$');
INSERT INTO RestaurantLocation(location_id,company_id,address,city,price_range) VALUES (67,33,'07583 5th Circle','Tirtopuro','$$');
INSERT INTO RestaurantLocation(location_id,company_id,address,city,price_range) VALUES (68,10,'37965 Tomscot Drive','Rezh','$$$');
INSERT INTO RestaurantLocation(location_id,company_id,address,city,price_range) VALUES (69,40,'046 Tony Pass','Dolna Banya','$$$$');
INSERT INTO RestaurantLocation(location_id,company_id,address,city,price_range) VALUES (70,17,'810 Brickson Park Avenue','Pescadería','$$$');

-- CATEGORY (food, service, etc.)

INSERT INTO Category(category_id,name) VALUES (1,'pay');
INSERT INTO Category(category_id,name) VALUES (2,'management');
INSERT INTO Category(category_id,name) VALUES (3,'work-life balance');
INSERT INTO Category(category_id,name) VALUES (4,'oveall');
INSERT INTO Category(category_id,name) VALUES (5,'food');
INSERT INTO Category(category_id,name) VALUES (6,'$$$');
INSERT INTO Category(category_id,name) VALUES (7,'service');

-- CUSTOMER REVIEW

INSERT INTO CustomerReview(review_id,user_id,location_id,review_text,review_date) VALUES (1,'USR-6527','Checchi','The ambiance was fantastic.','3/9/2026');
INSERT INTO CustomerReview(review_id,user_id,location_id,review_text,review_date) VALUES (2,'USR-3898','Brookhouse','food was mediocre.','11/1/2025');
INSERT INTO CustomerReview(review_id,user_id,location_id,review_text,review_date) VALUES (3,'USR-2322','Battaille','Not worth the price','5/24/2025');
INSERT INTO CustomerReview(review_id,user_id,location_id,review_text,review_date) VALUES (4,'USR-4049','Janoschek','The ambiance was fantastic.','3/25/2026');
INSERT INTO CustomerReview(review_id,user_id,location_id,review_text,review_date) VALUES (5,'USR-9368','Brand-Hardy','Great food and service!','10/19/2025');
INSERT INTO CustomerReview(review_id,user_id,location_id,review_text,review_date) VALUES (6,'USR-5714','Cayley','Great food and service!','7/29/2025');
INSERT INTO CustomerReview(review_id,user_id,location_id,review_text,review_date) VALUES (7,'USR-7551','Ramble','The ambiance was fantastic.','5/29/2024');
INSERT INTO CustomerReview(review_id,user_id,location_id,review_text,review_date) VALUES (8,'USR-8050','Van Arsdalen','food was mediocre.','11/10/2024');
INSERT INTO CustomerReview(review_id,user_id,location_id,review_text,review_date) VALUES (9,'USR-7132','Moquin','Not worth the price','12/27/2025');
INSERT INTO CustomerReview(review_id,user_id,location_id,review_text,review_date) VALUES (10,'USR-4868','Ratt','Would definitely recommend this place!','6/14/2024');
INSERT INTO CustomerReview(review_id,user_id,location_id,review_text,review_date) VALUES (11,'USR-7538','Peotz','Great food and service!','9/11/2025');
INSERT INTO CustomerReview(review_id,user_id,location_id,review_text,review_date) VALUES (12,'USR-7396','Sterry','The ambiance was fantastic.','3/2/2026');
INSERT INTO CustomerReview(review_id,user_id,location_id,review_text,review_date) VALUES (13,'USR-3779','Gloyens','food was mediocre.','10/31/2025');
INSERT INTO CustomerReview(review_id,user_id,location_id,review_text,review_date) VALUES (14,'USR-7040','Valenti','Not worth the price','12/11/2024');
INSERT INTO CustomerReview(review_id,user_id,location_id,review_text,review_date) VALUES (15,'USR-9890','Romain','food was mediocre.','5/25/2024');
INSERT INTO CustomerReview(review_id,user_id,location_id,review_text,review_date) VALUES (16,'USR-3702','Leyfield','Not worth the price','3/30/2026');
INSERT INTO CustomerReview(review_id,user_id,location_id,review_text,review_date) VALUES (17,'USR-2469','Clamp','food was mediocre.','9/26/2025');
INSERT INTO CustomerReview(review_id,user_id,location_id,review_text,review_date) VALUES (18,'USR-0348','Rosita','Great food and service!','9/20/2024');
INSERT INTO CustomerReview(review_id,user_id,location_id,review_text,review_date) VALUES (19,'USR-7006','Dehm','food was mediocre.','4/16/2026');
INSERT INTO CustomerReview(review_id,user_id,location_id,review_text,review_date) VALUES (20,'USR-4201','Tookey','food was mediocre.','5/16/2025');
INSERT INTO CustomerReview(review_id,user_id,location_id,review_text,review_date) VALUES (21,'USR-7719','Scamaden','Not worth the price','12/12/2025');
INSERT INTO CustomerReview(review_id,user_id,location_id,review_text,review_date) VALUES (22,'USR-8454','Ahern','Great food and service!','6/11/2024');
INSERT INTO CustomerReview(review_id,user_id,location_id,review_text,review_date) VALUES (23,'USR-4125','Boughtflower','Great food and service!','3/3/2025');
INSERT INTO CustomerReview(review_id,user_id,location_id,review_text,review_date) VALUES (24,'USR-2710','Bradtke','food was mediocre.','5/31/2024');
INSERT INTO CustomerReview(review_id,user_id,location_id,review_text,review_date) VALUES (25,'USR-3979','Brombell','food was mediocre.','8/31/2024');
INSERT INTO CustomerReview(review_id,user_id,location_id,review_text,review_date) VALUES (26,'USR-2177','Basden','The ambiance was fantastic.','12/31/2025');
INSERT INTO CustomerReview(review_id,user_id,location_id,review_text,review_date) VALUES (27,'USR-4552','Croizier','Great food and service!','7/18/2025');
INSERT INTO CustomerReview(review_id,user_id,location_id,review_text,review_date) VALUES (28,'USR-7658','Philimore','Great food and service!','6/20/2025');
INSERT INTO CustomerReview(review_id,user_id,location_id,review_text,review_date) VALUES (29,'USR-7743','Gaylord','The ambiance was fantastic.','3/31/2025');
INSERT INTO CustomerReview(review_id,user_id,location_id,review_text,review_date) VALUES (30,'USR-1613','Rowston','Would definitely recommend this place!','4/14/2025');
INSERT INTO CustomerReview(review_id,user_id,location_id,review_text,review_date) VALUES (31,'USR-8010','Kareman','The ambiance was fantastic.','3/28/2026');
INSERT INTO CustomerReview(review_id,user_id,location_id,review_text,review_date) VALUES (32,'USR-1601','Pringuer','The ambiance was fantastic.','6/13/2024');
INSERT INTO CustomerReview(review_id,user_id,location_id,review_text,review_date) VALUES (33,'USR-1931','Caurah','food was mediocre.','11/10/2024');
INSERT INTO CustomerReview(review_id,user_id,location_id,review_text,review_date) VALUES (34,'USR-0372','Padly','Great food and service!','6/6/2025');
INSERT INTO CustomerReview(review_id,user_id,location_id,review_text,review_date) VALUES (35,'USR-1625','Latter','The ambiance was fantastic.','3/26/2026');
INSERT INTO CustomerReview(review_id,user_id,location_id,review_text,review_date) VALUES (36,'USR-9966','Orrin','Not worth the price','3/21/2025');
INSERT INTO CustomerReview(review_id,user_id,location_id,review_text,review_date) VALUES (37,'USR-2560','Quaif','food was mediocre.','7/21/2024');
INSERT INTO CustomerReview(review_id,user_id,location_id,review_text,review_date) VALUES (38,'USR-6347','Scammonden','Great food and service!','10/3/2025');
INSERT INTO CustomerReview(review_id,user_id,location_id,review_text,review_date) VALUES (39,'USR-3787','Jaggers','food was mediocre.','1/25/2026');
INSERT INTO CustomerReview(review_id,user_id,location_id,review_text,review_date) VALUES (40,'USR-8964','Eby','Would definitely recommend this place!','8/31/2025');
INSERT INTO CustomerReview(review_id,user_id,location_id,review_text,review_date) VALUES (41,'USR-8166','Adamoli','Would definitely recommend this place!','5/11/2024');
INSERT INTO CustomerReview(review_id,user_id,location_id,review_text,review_date) VALUES (42,'USR-0938','Braunstein','Great food and service!','12/25/2025');
INSERT INTO CustomerReview(review_id,user_id,location_id,review_text,review_date) VALUES (43,'USR-0543','Elphinstone','Great food and service!','3/10/2025');
INSERT INTO CustomerReview(review_id,user_id,location_id,review_text,review_date) VALUES (44,'USR-8463','Mingay','The ambiance was fantastic.','7/27/2024');
INSERT INTO CustomerReview(review_id,user_id,location_id,review_text,review_date) VALUES (45,'USR-1233','Amburgy','Not worth the price','5/16/2024');
INSERT INTO CustomerReview(review_id,user_id,location_id,review_text,review_date) VALUES (46,'USR-0259','Dubber','Not worth the price','5/4/2025');
INSERT INTO CustomerReview(review_id,user_id,location_id,review_text,review_date) VALUES (47,'USR-8442','Sullly','food was mediocre.','4/15/2025');
INSERT INTO CustomerReview(review_id,user_id,location_id,review_text,review_date) VALUES (48,'USR-9248','Kyneton','Would definitely recommend this place!','9/1/2025');
INSERT INTO CustomerReview(review_id,user_id,location_id,review_text,review_date) VALUES (49,'USR-6240','Burrel','Not worth the price','12/26/2024');
INSERT INTO CustomerReview(review_id,user_id,location_id,review_text,review_date) VALUES (50,'USR-9901','Niblock','Great food and service!','1/16/2026');
INSERT INTO CustomerReview(review_id,user_id,location_id,review_text,review_date) VALUES (51,'USR-2544','Tolman','The ambiance was fantastic.','6/3/2024');
INSERT INTO CustomerReview(review_id,user_id,location_id,review_text,review_date) VALUES (52,'USR-0906','McGarrie','The ambiance was fantastic.','3/15/2026');
INSERT INTO CustomerReview(review_id,user_id,location_id,review_text,review_date) VALUES (53,'USR-9730','Lusk','Would definitely recommend this place!','8/25/2024');
INSERT INTO CustomerReview(review_id,user_id,location_id,review_text,review_date) VALUES (54,'USR-7732','Tathacott','food was mediocre.','8/23/2024');
INSERT INTO CustomerReview(review_id,user_id,location_id,review_text,review_date) VALUES (55,'USR-4540','Pine','Great food and service!','10/28/2024');
INSERT INTO CustomerReview(review_id,user_id,location_id,review_text,review_date) VALUES (56,'USR-5524','Capozzi','Great food and service!','8/5/2024');
INSERT INTO CustomerReview(review_id,user_id,location_id,review_text,review_date) VALUES (57,'USR-5082','Kristoffersson','Not worth the price','5/20/2025');
INSERT INTO CustomerReview(review_id,user_id,location_id,review_text,review_date) VALUES (58,'USR-3541','Stych','food was mediocre.','9/10/2025');
INSERT INTO CustomerReview(review_id,user_id,location_id,review_text,review_date) VALUES (59,'USR-9169','Crouse','Not worth the price','7/9/2024');
INSERT INTO CustomerReview(review_id,user_id,location_id,review_text,review_date) VALUES (60,'USR-4669','Kerswell','Great food and service!','1/12/2026');
INSERT INTO CustomerReview(review_id,user_id,location_id,review_text,review_date) VALUES (61,'USR-2172','Bennion','food was mediocre.','4/2/2024');
INSERT INTO CustomerReview(review_id,user_id,location_id,review_text,review_date) VALUES (62,'USR-2827','Swiffin','Great food and service!','3/18/2025');
INSERT INTO CustomerReview(review_id,user_id,location_id,review_text,review_date) VALUES (63,'USR-1875','Jennions','Would definitely recommend this place!','12/27/2024');
INSERT INTO CustomerReview(review_id,user_id,location_id,review_text,review_date) VALUES (64,'USR-1277','Hegg','The ambiance was fantastic.','12/25/2024');
INSERT INTO CustomerReview(review_id,user_id,location_id,review_text,review_date) VALUES (65,'USR-4345','Stocking','Great food and service!','10/19/2025');
INSERT INTO CustomerReview(review_id,user_id,location_id,review_text,review_date) VALUES (66,'USR-0975','Wylam','The ambiance was fantastic.','4/6/2024');
INSERT INTO CustomerReview(review_id,user_id,location_id,review_text,review_date) VALUES (67,'USR-2891','Cicccitti','Great food and service!','8/2/2024');
INSERT INTO CustomerReview(review_id,user_id,location_id,review_text,review_date) VALUES (68,'USR-9447','Sieb','Not worth the price','6/30/2025');
INSERT INTO CustomerReview(review_id,user_id,location_id,review_text,review_date) VALUES (69,'USR-9305','Britian','Not worth the price','6/10/2024');
INSERT INTO CustomerReview(review_id,user_id,location_id,review_text,review_date) VALUES (70,'USR-1655','Siflet','The ambiance was fantastic.','12/9/2024');

-- REVIEW RATINGS (per category)

INSERT INTO Rating(rating_id,review_id,category_id,score) VALUES (1,57,6,2);
INSERT INTO Rating(rating_id,review_id,category_id,score) VALUES (2,20,7,3);
INSERT INTO Rating(rating_id,review_id,category_id,score) VALUES (3,2,7,4);
INSERT INTO Rating(rating_id,review_id,category_id,score) VALUES (4,5,3,3);
INSERT INTO Rating(rating_id,review_id,category_id,score) VALUES (5,68,5,5);
INSERT INTO Rating(rating_id,review_id,category_id,score) VALUES (6,21,2,2);
INSERT INTO Rating(rating_id,review_id,category_id,score) VALUES (7,70,6,2);
INSERT INTO Rating(rating_id,review_id,category_id,score) VALUES (8,10,6,1);
INSERT INTO Rating(rating_id,review_id,category_id,score) VALUES (9,26,4,3);
INSERT INTO Rating(rating_id,review_id,category_id,score) VALUES (10,41,2,5);
INSERT INTO Rating(rating_id,review_id,category_id,score) VALUES (11,53,2,2);
INSERT INTO Rating(rating_id,review_id,category_id,score) VALUES (12,56,2,1);
INSERT INTO Rating(rating_id,review_id,category_id,score) VALUES (13,44,6,2);
INSERT INTO Rating(rating_id,review_id,category_id,score) VALUES (14,43,4,3);
INSERT INTO Rating(rating_id,review_id,category_id,score) VALUES (15,15,2,4);
INSERT INTO Rating(rating_id,review_id,category_id,score) VALUES (16,22,2,4);
INSERT INTO Rating(rating_id,review_id,category_id,score) VALUES (17,65,6,4);
INSERT INTO Rating(rating_id,review_id,category_id,score) VALUES (18,35,2,1);
INSERT INTO Rating(rating_id,review_id,category_id,score) VALUES (19,22,1,3);
INSERT INTO Rating(rating_id,review_id,category_id,score) VALUES (20,7,4,1);
INSERT INTO Rating(rating_id,review_id,category_id,score) VALUES (21,56,5,2);
INSERT INTO Rating(rating_id,review_id,category_id,score) VALUES (22,56,5,3);
INSERT INTO Rating(rating_id,review_id,category_id,score) VALUES (23,42,1,5);
INSERT INTO Rating(rating_id,review_id,category_id,score) VALUES (24,42,1,5);
INSERT INTO Rating(rating_id,review_id,category_id,score) VALUES (25,12,6,2);
INSERT INTO Rating(rating_id,review_id,category_id,score) VALUES (26,59,3,1);
INSERT INTO Rating(rating_id,review_id,category_id,score) VALUES (27,36,4,3);
INSERT INTO Rating(rating_id,review_id,category_id,score) VALUES (28,62,1,4);
INSERT INTO Rating(rating_id,review_id,category_id,score) VALUES (29,49,7,2);
INSERT INTO Rating(rating_id,review_id,category_id,score) VALUES (30,55,2,3);
INSERT INTO Rating(rating_id,review_id,category_id,score) VALUES (31,41,6,4);
INSERT INTO Rating(rating_id,review_id,category_id,score) VALUES (32,47,2,4);
INSERT INTO Rating(rating_id,review_id,category_id,score) VALUES (33,57,6,3);
INSERT INTO Rating(rating_id,review_id,category_id,score) VALUES (34,45,3,4);
INSERT INTO Rating(rating_id,review_id,category_id,score) VALUES (35,8,7,4);
INSERT INTO Rating(rating_id,review_id,category_id,score) VALUES (36,68,7,1);
INSERT INTO Rating(rating_id,review_id,category_id,score) VALUES (37,31,6,3);
INSERT INTO Rating(rating_id,review_id,category_id,score) VALUES (38,62,3,5);
INSERT INTO Rating(rating_id,review_id,category_id,score) VALUES (39,42,7,3);
INSERT INTO Rating(rating_id,review_id,category_id,score) VALUES (40,57,1,5);
INSERT INTO Rating(rating_id,review_id,category_id,score) VALUES (41,33,3,1);
INSERT INTO Rating(rating_id,review_id,category_id,score) VALUES (42,56,6,2);
INSERT INTO Rating(rating_id,review_id,category_id,score) VALUES (43,16,1,5);
INSERT INTO Rating(rating_id,review_id,category_id,score) VALUES (44,17,4,1);
INSERT INTO Rating(rating_id,review_id,category_id,score) VALUES (45,5,6,3);
INSERT INTO Rating(rating_id,review_id,category_id,score) VALUES (46,38,5,5);
INSERT INTO Rating(rating_id,review_id,category_id,score) VALUES (47,66,1,2);
INSERT INTO Rating(rating_id,review_id,category_id,score) VALUES (48,6,1,3);
INSERT INTO Rating(rating_id,review_id,category_id,score) VALUES (49,3,2,5);
INSERT INTO Rating(rating_id,review_id,category_id,score) VALUES (50,26,2,2);
INSERT INTO Rating(rating_id,review_id,category_id,score) VALUES (51,39,3,2);
INSERT INTO Rating(rating_id,review_id,category_id,score) VALUES (52,2,1,2);
INSERT INTO Rating(rating_id,review_id,category_id,score) VALUES (53,43,1,1);
INSERT INTO Rating(rating_id,review_id,category_id,score) VALUES (54,5,6,5);
INSERT INTO Rating(rating_id,review_id,category_id,score) VALUES (55,17,6,1);
INSERT INTO Rating(rating_id,review_id,category_id,score) VALUES (56,1,3,1);
INSERT INTO Rating(rating_id,review_id,category_id,score) VALUES (57,21,2,3);
INSERT INTO Rating(rating_id,review_id,category_id,score) VALUES (58,70,6,5);
INSERT INTO Rating(rating_id,review_id,category_id,score) VALUES (59,11,3,5);
INSERT INTO Rating(rating_id,review_id,category_id,score) VALUES (60,53,7,4);
INSERT INTO Rating(rating_id,review_id,category_id,score) VALUES (61,4,6,2);
INSERT INTO Rating(rating_id,review_id,category_id,score) VALUES (62,32,6,3);
INSERT INTO Rating(rating_id,review_id,category_id,score) VALUES (63,20,4,4);
INSERT INTO Rating(rating_id,review_id,category_id,score) VALUES (64,38,2,5);
INSERT INTO Rating(rating_id,review_id,category_id,score) VALUES (65,64,7,3);
INSERT INTO Rating(rating_id,review_id,category_id,score) VALUES (66,15,4,2);
INSERT INTO Rating(rating_id,review_id,category_id,score) VALUES (67,17,2,5);
INSERT INTO Rating(rating_id,review_id,category_id,score) VALUES (68,51,1,4);
INSERT INTO Rating(rating_id,review_id,category_id,score) VALUES (69,68,4,5);
INSERT INTO Rating(rating_id,review_id,category_id,score) VALUES (70,25,2,4);
INSERT INTO Rating(rating_id,review_id,category_id,score) VALUES (71,55,1,1);
INSERT INTO Rating(rating_id,review_id,category_id,score) VALUES (72,3,1,4);
INSERT INTO Rating(rating_id,review_id,category_id,score) VALUES (73,62,6,5);
INSERT INTO Rating(rating_id,review_id,category_id,score) VALUES (74,51,1,4);
INSERT INTO Rating(rating_id,review_id,category_id,score) VALUES (75,1,3,5);
INSERT INTO Rating(rating_id,review_id,category_id,score) VALUES (76,14,7,2);
INSERT INTO Rating(rating_id,review_id,category_id,score) VALUES (77,17,7,1);
INSERT INTO Rating(rating_id,review_id,category_id,score) VALUES (78,68,3,4);
INSERT INTO Rating(rating_id,review_id,category_id,score) VALUES (79,16,5,5);
INSERT INTO Rating(rating_id,review_id,category_id,score) VALUES (80,32,1,2);
INSERT INTO Rating(rating_id,review_id,category_id,score) VALUES (81,53,4,4);
INSERT INTO Rating(rating_id,review_id,category_id,score) VALUES (82,70,6,3);
INSERT INTO Rating(rating_id,review_id,category_id,score) VALUES (83,49,3,2);
INSERT INTO Rating(rating_id,review_id,category_id,score) VALUES (84,21,2,2);
INSERT INTO Rating(rating_id,review_id,category_id,score) VALUES (85,59,1,5);
INSERT INTO Rating(rating_id,review_id,category_id,score) VALUES (86,1,7,4);
INSERT INTO Rating(rating_id,review_id,category_id,score) VALUES (87,66,7,2);
INSERT INTO Rating(rating_id,review_id,category_id,score) VALUES (88,55,5,2);
INSERT INTO Rating(rating_id,review_id,category_id,score) VALUES (89,63,4,1);
INSERT INTO Rating(rating_id,review_id,category_id,score) VALUES (90,28,1,3);
INSERT INTO Rating(rating_id,review_id,category_id,score) VALUES (91,31,1,3);
INSERT INTO Rating(rating_id,review_id,category_id,score) VALUES (92,15,1,4);
INSERT INTO Rating(rating_id,review_id,category_id,score) VALUES (93,64,7,5);
INSERT INTO Rating(rating_id,review_id,category_id,score) VALUES (94,29,3,3);
INSERT INTO Rating(rating_id,review_id,category_id,score) VALUES (95,24,6,3);
INSERT INTO Rating(rating_id,review_id,category_id,score) VALUES (96,63,3,2);
INSERT INTO Rating(rating_id,review_id,category_id,score) VALUES (97,62,6,2);
INSERT INTO Rating(rating_id,review_id,category_id,score) VALUES (98,6,7,5);
INSERT INTO Rating(rating_id,review_id,category_id,score) VALUES (99,31,4,2);
INSERT INTO Rating(rating_id,review_id,category_id,score) VALUES (100,67,6,4);
INSERT INTO Rating(rating_id,review_id,category_id,score) VALUES (101,33,4,3);
INSERT INTO Rating(rating_id,review_id,category_id,score) VALUES (102,22,5,2);
INSERT INTO Rating(rating_id,review_id,category_id,score) VALUES (103,2,2,2);
INSERT INTO Rating(rating_id,review_id,category_id,score) VALUES (104,50,1,3);
INSERT INTO Rating(rating_id,review_id,category_id,score) VALUES (105,68,4,2);
INSERT INTO Rating(rating_id,review_id,category_id,score) VALUES (106,56,3,1);
INSERT INTO Rating(rating_id,review_id,category_id,score) VALUES (107,62,1,5);
INSERT INTO Rating(rating_id,review_id,category_id,score) VALUES (108,68,7,5);
INSERT INTO Rating(rating_id,review_id,category_id,score) VALUES (109,20,7,2);
INSERT INTO Rating(rating_id,review_id,category_id,score) VALUES (110,41,7,3);
INSERT INTO Rating(rating_id,review_id,category_id,score) VALUES (111,36,6,1);
INSERT INTO Rating(rating_id,review_id,category_id,score) VALUES (112,31,6,2);
INSERT INTO Rating(rating_id,review_id,category_id,score) VALUES (113,3,4,3);
INSERT INTO Rating(rating_id,review_id,category_id,score) VALUES (114,54,7,2);
INSERT INTO Rating(rating_id,review_id,category_id,score) VALUES (115,67,1,2);
INSERT INTO Rating(rating_id,review_id,category_id,score) VALUES (116,46,2,4);
INSERT INTO Rating(rating_id,review_id,category_id,score) VALUES (117,27,1,3);
INSERT INTO Rating(rating_id,review_id,category_id,score) VALUES (118,70,7,5);
INSERT INTO Rating(rating_id,review_id,category_id,score) VALUES (119,43,2,1);
INSERT INTO Rating(rating_id,review_id,category_id,score) VALUES (120,48,1,2);
INSERT INTO Rating(rating_id,review_id,category_id,score) VALUES (121,12,6,4);
INSERT INTO Rating(rating_id,review_id,category_id,score) VALUES (122,11,6,2);
INSERT INTO Rating(rating_id,review_id,category_id,score) VALUES (123,10,1,1);
INSERT INTO Rating(rating_id,review_id,category_id,score) VALUES (124,68,3,3);
INSERT INTO Rating(rating_id,review_id,category_id,score) VALUES (125,13,4,2);
INSERT INTO Rating(rating_id,review_id,category_id,score) VALUES (126,40,1,4);
INSERT INTO Rating(rating_id,review_id,category_id,score) VALUES (127,32,7,3);
INSERT INTO Rating(rating_id,review_id,category_id,score) VALUES (128,60,5,2);
INSERT INTO Rating(rating_id,review_id,category_id,score) VALUES (129,50,6,3);
INSERT INTO Rating(rating_id,review_id,category_id,score) VALUES (130,70,6,1);
INSERT INTO Rating(rating_id,review_id,category_id,score) VALUES (131,12,1,2);
INSERT INTO Rating(rating_id,review_id,category_id,score) VALUES (132,18,1,3);
INSERT INTO Rating(rating_id,review_id,category_id,score) VALUES (133,26,1,2);
INSERT INTO Rating(rating_id,review_id,category_id,score) VALUES (134,20,3,1);
INSERT INTO Rating(rating_id,review_id,category_id,score) VALUES (135,64,6,5);
INSERT INTO Rating(rating_id,review_id,category_id,score) VALUES (136,3,1,2);
INSERT INTO Rating(rating_id,review_id,category_id,score) VALUES (137,59,3,3);
INSERT INTO Rating(rating_id,review_id,category_id,score) VALUES (138,1,2,5);
INSERT INTO Rating(rating_id,review_id,category_id,score) VALUES (139,41,5,3);
INSERT INTO Rating(rating_id,review_id,category_id,score) VALUES (140,14,2,4);
INSERT INTO Rating(rating_id,review_id,category_id,score) VALUES (141,38,5,5);
INSERT INTO Rating(rating_id,review_id,category_id,score) VALUES (142,22,3,5);
INSERT INTO Rating(rating_id,review_id,category_id,score) VALUES (143,60,2,2);
INSERT INTO Rating(rating_id,review_id,category_id,score) VALUES (144,58,4,4);
INSERT INTO Rating(rating_id,review_id,category_id,score) VALUES (145,41,2,1);
INSERT INTO Rating(rating_id,review_id,category_id,score) VALUES (146,55,5,2);
INSERT INTO Rating(rating_id,review_id,category_id,score) VALUES (147,35,6,2);
INSERT INTO Rating(rating_id,review_id,category_id,score) VALUES (148,44,1,4);
INSERT INTO Rating(rating_id,review_id,category_id,score) VALUES (149,1,2,1);
INSERT INTO Rating(rating_id,review_id,category_id,score) VALUES (150,22,2,2);

-- EMPLOYEE REVIEW

INSERT INTO EmployeeReview(emp_review_id,user_id,location_id,review_text,review_date) VALUES (1,22,10,'making my job easier.','2/12/2026');
INSERT INTO EmployeeReview(emp_review_id,user_id,location_id,review_text,review_date) VALUES (2,1,15,'The customers were patient and understanding','9/2/2025');
INSERT INTO EmployeeReview(emp_review_id,user_id,location_id,review_text,review_date) VALUES (3,34,54,'The customers were patient and understanding','9/1/2025');
INSERT INTO EmployeeReview(emp_review_id,user_id,location_id,review_text,review_date) VALUES (4,2,55,'I had a great time interacting with the customers and providing top-notch service.','10/1/2025');
INSERT INTO EmployeeReview(emp_review_id,user_id,location_id,review_text,review_date) VALUES (5,9,12,'The atmosphere was cozy and welcoming.','7/25/2025');
INSERT INTO EmployeeReview(emp_review_id,user_id,location_id,review_text,review_date) VALUES (6,33,10,'The food was delicious and the customers were very friendly.','9/19/2025');
INSERT INTO EmployeeReview(emp_review_id,user_id,location_id,review_text,review_date) VALUES (7,30,20,'The restaurant was busy but I managed to keep up with all the orders and requests.','3/30/2026');
INSERT INTO EmployeeReview(emp_review_id,user_id,location_id,review_text,review_date) VALUES (8,33,5,'I enjoyed working with my team to ensure a smooth dining experience for the customers.','6/10/2025');
INSERT INTO EmployeeReview(emp_review_id,user_id,location_id,review_text,review_date) VALUES (9,28,37,'I enjoyed working with my team to ensure a smooth dining experience for the customers.','3/18/2026');
INSERT INTO EmployeeReview(emp_review_id,user_id,location_id,review_text,review_date) VALUES (10,10,28,'I had a great time interacting with the customers and providing top-notch service.','3/21/2026');
INSERT INTO EmployeeReview(emp_review_id,user_id,location_id,review_text,review_date) VALUES (11,40,70,'I had a great time interacting with the customers and providing top-notch service.','1/24/2026');
INSERT INTO EmployeeReview(emp_review_id,user_id,location_id,review_text,review_date) VALUES (12,11,29,'The food was delicious and the customers were very friendly.','9/11/2025');
INSERT INTO EmployeeReview(emp_review_id,user_id,location_id,review_text,review_date) VALUES (13,14,26,'I had a great time interacting with the customers and providing top-notch service.','9/4/2025');
INSERT INTO EmployeeReview(emp_review_id,user_id,location_id,review_text,review_date) VALUES (14,29,24,'I received positive feedback from the customers about the food and service.','6/20/2025');
INSERT INTO EmployeeReview(emp_review_id,user_id,location_id,review_text,review_date) VALUES (15,17,22,'The atmosphere was cozy and welcoming.','5/5/2025');
INSERT INTO EmployeeReview(emp_review_id,user_id,location_id,review_text,review_date) VALUES (16,31,28,'The restaurant was busy but I managed to keep up with all the orders and requests.','11/25/2025');
INSERT INTO EmployeeReview(emp_review_id,user_id,location_id,review_text,review_date) VALUES (17,37,51,'The customers were patient and understanding','3/18/2026');
INSERT INTO EmployeeReview(emp_review_id,user_id,location_id,review_text,review_date) VALUES (18,29,59,'I enjoyed working with my team to ensure a smooth dining experience for the customers.','10/30/2025');
INSERT INTO EmployeeReview(emp_review_id,user_id,location_id,review_text,review_date) VALUES (19,32,7,'I received positive feedback from the customers about the food and service.','9/3/2025');
INSERT INTO EmployeeReview(emp_review_id,user_id,location_id,review_text,review_date) VALUES (20,26,68,'I received positive feedback from the customers about the food and service.','2/18/2026');
INSERT INTO EmployeeReview(emp_review_id,user_id,location_id,review_text,review_date) VALUES (21,10,19,'The service was excellent and the customers seemed to enjoy their meals.','2/6/2026');
INSERT INTO EmployeeReview(emp_review_id,user_id,location_id,review_text,review_date) VALUES (22,36,8,'The atmosphere was cozy and welcoming.','8/19/2025');
INSERT INTO EmployeeReview(emp_review_id,user_id,location_id,review_text,review_date) VALUES (23,21,11,'making my job easier.','3/2/2026');
INSERT INTO EmployeeReview(emp_review_id,user_id,location_id,review_text,review_date) VALUES (24,28,47,'The customers were patient and understanding','12/15/2025');
INSERT INTO EmployeeReview(emp_review_id,user_id,location_id,review_text,review_date) VALUES (25,2,31,'I had a great time interacting with the customers and providing top-notch service.','3/11/2026');
INSERT INTO EmployeeReview(emp_review_id,user_id,location_id,review_text,review_date) VALUES (26,18,47,'The food was delicious and the customers were very friendly.','1/23/2026');
INSERT INTO EmployeeReview(emp_review_id,user_id,location_id,review_text,review_date) VALUES (27,23,24,'I felt proud of the quality of service I was able to deliver to the customers.','11/9/2025');
INSERT INTO EmployeeReview(emp_review_id,user_id,location_id,review_text,review_date) VALUES (28,33,32,'The service was excellent and the customers seemed to enjoy their meals.','5/22/2025');
INSERT INTO EmployeeReview(emp_review_id,user_id,location_id,review_text,review_date) VALUES (29,7,52,'I felt proud of the quality of service I was able to deliver to the customers.','3/28/2026');
INSERT INTO EmployeeReview(emp_review_id,user_id,location_id,review_text,review_date) VALUES (30,10,26,'The service was excellent and the customers seemed to enjoy their meals.','5/6/2025');
INSERT INTO EmployeeReview(emp_review_id,user_id,location_id,review_text,review_date) VALUES (31,2,27,'The customers were appreciative of the recommendations I provided for their meals.','3/9/2026');
INSERT INTO EmployeeReview(emp_review_id,user_id,location_id,review_text,review_date) VALUES (32,40,56,'I enjoyed working with my team to ensure a smooth dining experience for the customers.','6/4/2025');
INSERT INTO EmployeeReview(emp_review_id,user_id,location_id,review_text,review_date) VALUES (33,30,18,'I felt proud of the quality of service I was able to deliver to the customers.','8/19/2025');
INSERT INTO EmployeeReview(emp_review_id,user_id,location_id,review_text,review_date) VALUES (34,36,53,'I felt proud of the quality of service I was able to deliver to the customers.','7/2/2025');
INSERT INTO EmployeeReview(emp_review_id,user_id,location_id,review_text,review_date) VALUES (35,30,65,'I enjoyed working with my team to ensure a smooth dining experience for the customers.','10/9/2025');
INSERT INTO EmployeeReview(emp_review_id,user_id,location_id,review_text,review_date) VALUES (36,16,43,'The service was excellent and the customers seemed to enjoy their meals.','6/4/2025');
INSERT INTO EmployeeReview(emp_review_id,user_id,location_id,review_text,review_date) VALUES (37,15,21,'I had a great time interacting with the customers and providing top-notch service.','12/6/2025');
INSERT INTO EmployeeReview(emp_review_id,user_id,location_id,review_text,review_date) VALUES (38,23,11,'The atmosphere was cozy and welcoming.','8/4/2025');
INSERT INTO EmployeeReview(emp_review_id,user_id,location_id,review_text,review_date) VALUES (39,8,51,'making my job easier.','5/16/2025');
INSERT INTO EmployeeReview(emp_review_id,user_id,location_id,review_text,review_date) VALUES (40,18,13,'I felt proud of the quality of service I was able to deliver to the customers.','7/14/2025');
INSERT INTO EmployeeReview(emp_review_id,user_id,location_id,review_text,review_date) VALUES (41,27,40,'The service was excellent and the customers seemed to enjoy their meals.','1/28/2026');
INSERT INTO EmployeeReview(emp_review_id,user_id,location_id,review_text,review_date) VALUES (42,14,55,'The atmosphere was cozy and welcoming.','12/15/2025');
INSERT INTO EmployeeReview(emp_review_id,user_id,location_id,review_text,review_date) VALUES (43,5,7,'I felt proud of the quality of service I was able to deliver to the customers.','1/14/2026');
INSERT INTO EmployeeReview(emp_review_id,user_id,location_id,review_text,review_date) VALUES (44,32,6,'making my job easier.','1/10/2026');
INSERT INTO EmployeeReview(emp_review_id,user_id,location_id,review_text,review_date) VALUES (45,7,33,'I had a great time interacting with the customers and providing top-notch service.','12/14/2025');
INSERT INTO EmployeeReview(emp_review_id,user_id,location_id,review_text,review_date) VALUES (46,1,44,'The customers were patient and understanding','4/6/2026');
INSERT INTO EmployeeReview(emp_review_id,user_id,location_id,review_text,review_date) VALUES (47,24,70,'I received positive feedback from the customers about the food and service.','3/21/2026');
INSERT INTO EmployeeReview(emp_review_id,user_id,location_id,review_text,review_date) VALUES (48,26,43,'I received positive feedback from the customers about the food and service.','8/9/2025');
INSERT INTO EmployeeReview(emp_review_id,user_id,location_id,review_text,review_date) VALUES (49,20,38,'The customers were appreciative of the recommendations I provided for their meals.','1/28/2026');
INSERT INTO EmployeeReview(emp_review_id,user_id,location_id,review_text,review_date) VALUES (50,36,46,'The restaurant was busy but I managed to keep up with all the orders and requests.','8/8/2025');
INSERT INTO EmployeeReview(emp_review_id,user_id,location_id,review_text,review_date) VALUES (51,38,70,'The restaurant was busy but I managed to keep up with all the orders and requests.','5/21/2025');
INSERT INTO EmployeeReview(emp_review_id,user_id,location_id,review_text,review_date) VALUES (52,24,20,'The service was excellent and the customers seemed to enjoy their meals.','11/27/2025');
INSERT INTO EmployeeReview(emp_review_id,user_id,location_id,review_text,review_date) VALUES (53,12,57,'The customers were patient and understanding','12/1/2025');
INSERT INTO EmployeeReview(emp_review_id,user_id,location_id,review_text,review_date) VALUES (54,5,30,'The atmosphere was cozy and welcoming.','12/8/2025');
INSERT INTO EmployeeReview(emp_review_id,user_id,location_id,review_text,review_date) VALUES (55,4,61,'I received positive feedback from the customers about the food and service.','5/30/2025');
INSERT INTO EmployeeReview(emp_review_id,user_id,location_id,review_text,review_date) VALUES (56,8,63,'The customers were patient and understanding','10/15/2025');
INSERT INTO EmployeeReview(emp_review_id,user_id,location_id,review_text,review_date) VALUES (57,15,49,'The customers were patient and understanding','2/14/2026');
INSERT INTO EmployeeReview(emp_review_id,user_id,location_id,review_text,review_date) VALUES (58,1,15,'The service was excellent and the customers seemed to enjoy their meals.','7/22/2025');
INSERT INTO EmployeeReview(emp_review_id,user_id,location_id,review_text,review_date) VALUES (59,10,45,'The restaurant was busy but I managed to keep up with all the orders and requests.','8/31/2025');
INSERT INTO EmployeeReview(emp_review_id,user_id,location_id,review_text,review_date) VALUES (60,17,5,'The customers were patient and understanding','7/1/2025');
INSERT INTO EmployeeReview(emp_review_id,user_id,location_id,review_text,review_date) VALUES (61,8,47,'The atmosphere was cozy and welcoming.','12/21/2025');
INSERT INTO EmployeeReview(emp_review_id,user_id,location_id,review_text,review_date) VALUES (62,16,15,'I enjoyed working with my team to ensure a smooth dining experience for the customers.','6/13/2025');
INSERT INTO EmployeeReview(emp_review_id,user_id,location_id,review_text,review_date) VALUES (63,17,5,'The atmosphere was cozy and welcoming.','1/7/2026');
INSERT INTO EmployeeReview(emp_review_id,user_id,location_id,review_text,review_date) VALUES (64,18,25,'The atmosphere was cozy and welcoming.','2/16/2026');
INSERT INTO EmployeeReview(emp_review_id,user_id,location_id,review_text,review_date) VALUES (65,13,59,'The service was excellent and the customers seemed to enjoy their meals.','2/17/2026');
INSERT INTO EmployeeReview(emp_review_id,user_id,location_id,review_text,review_date) VALUES (66,20,32,'I enjoyed working with my team to ensure a smooth dining experience for the customers.','3/9/2026');
INSERT INTO EmployeeReview(emp_review_id,user_id,location_id,review_text,review_date) VALUES (67,2,27,'The customers were patient and understanding','12/18/2025');
INSERT INTO EmployeeReview(emp_review_id,user_id,location_id,review_text,review_date) VALUES (68,22,53,'The restaurant was busy but I managed to keep up with all the orders and requests.','3/22/2026');
INSERT INTO EmployeeReview(emp_review_id,user_id,location_id,review_text,review_date) VALUES (69,18,47,'making my job easier.','1/24/2026');
INSERT INTO EmployeeReview(emp_review_id,user_id,location_id,review_text,review_date) VALUES (70,17,29,'I received positive feedback from the customers about the food and service.','7/19/2025');
INSERT INTO EmployeeReview(emp_review_id,user_id,location_id,review_text,review_date) VALUES (71,13,66,'The atmosphere was cozy and welcoming.','2/2/2026');
INSERT INTO EmployeeReview(emp_review_id,user_id,location_id,review_text,review_date) VALUES (72,20,31,'I received positive feedback from the customers about the food and service.','3/21/2026');
INSERT INTO EmployeeReview(emp_review_id,user_id,location_id,review_text,review_date) VALUES (73,33,61,'I had a great time interacting with the customers and providing top-notch service.','3/30/2026');
INSERT INTO EmployeeReview(emp_review_id,user_id,location_id,review_text,review_date) VALUES (74,10,24,'I felt proud of the quality of service I was able to deliver to the customers.','11/8/2025');
INSERT INTO EmployeeReview(emp_review_id,user_id,location_id,review_text,review_date) VALUES (75,10,21,'I felt proud of the quality of service I was able to deliver to the customers.','8/29/2025');
INSERT INTO EmployeeReview(emp_review_id,user_id,location_id,review_text,review_date) VALUES (76,5,13,'I received positive feedback from the customers about the food and service.','5/27/2025');
INSERT INTO EmployeeReview(emp_review_id,user_id,location_id,review_text,review_date) VALUES (77,38,5,'making my job easier.','9/17/2025');
INSERT INTO EmployeeReview(emp_review_id,user_id,location_id,review_text,review_date) VALUES (78,36,66,'The atmosphere was cozy and welcoming.','12/28/2025');
INSERT INTO EmployeeReview(emp_review_id,user_id,location_id,review_text,review_date) VALUES (79,21,17,'The customers were patient and understanding','3/6/2026');
INSERT INTO EmployeeReview(emp_review_id,user_id,location_id,review_text,review_date) VALUES (80,34,27,'making my job easier.','12/11/2025');
INSERT INTO EmployeeReview(emp_review_id,user_id,location_id,review_text,review_date) VALUES (81,26,40,'I felt proud of the quality of service I was able to deliver to the customers.','3/9/2026');
INSERT INTO EmployeeReview(emp_review_id,user_id,location_id,review_text,review_date) VALUES (82,25,46,'making my job easier.','7/24/2025');
INSERT INTO EmployeeReview(emp_review_id,user_id,location_id,review_text,review_date) VALUES (83,8,33,'The atmosphere was cozy and welcoming.','3/16/2026');
INSERT INTO EmployeeReview(emp_review_id,user_id,location_id,review_text,review_date) VALUES (84,40,42,'I enjoyed working with my team to ensure a smooth dining experience for the customers.','1/9/2026');
INSERT INTO EmployeeReview(emp_review_id,user_id,location_id,review_text,review_date) VALUES (85,27,36,'The customers were appreciative of the recommendations I provided for their meals.','6/11/2025');
INSERT INTO EmployeeReview(emp_review_id,user_id,location_id,review_text,review_date) VALUES (86,13,22,'I had a great time interacting with the customers and providing top-notch service.','1/6/2026');
INSERT INTO EmployeeReview(emp_review_id,user_id,location_id,review_text,review_date) VALUES (87,18,18,'The customers were appreciative of the recommendations I provided for their meals.','11/3/2025');
INSERT INTO EmployeeReview(emp_review_id,user_id,location_id,review_text,review_date) VALUES (88,36,22,'I received positive feedback from the customers about the food and service.','2/27/2026');
INSERT INTO EmployeeReview(emp_review_id,user_id,location_id,review_text,review_date) VALUES (89,18,46,'making my job easier.','1/5/2026');
INSERT INTO EmployeeReview(emp_review_id,user_id,location_id,review_text,review_date) VALUES (90,8,18,'The food was delicious and the customers were very friendly.','11/8/2025');
INSERT INTO EmployeeReview(emp_review_id,user_id,location_id,review_text,review_date) VALUES (91,3,49,'I received positive feedback from the customers about the food and service.','6/26/2025');
INSERT INTO EmployeeReview(emp_review_id,user_id,location_id,review_text,review_date) VALUES (92,11,38,'making my job easier.','4/1/2026');
INSERT INTO EmployeeReview(emp_review_id,user_id,location_id,review_text,review_date) VALUES (93,11,36,'The atmosphere was cozy and welcoming.','2/1/2026');
INSERT INTO EmployeeReview(emp_review_id,user_id,location_id,review_text,review_date) VALUES (94,8,9,'I had a great time interacting with the customers and providing top-notch service.','2/11/2026');
INSERT INTO EmployeeReview(emp_review_id,user_id,location_id,review_text,review_date) VALUES (95,2,61,'I felt proud of the quality of service I was able to deliver to the customers.','9/28/2025');
INSERT INTO EmployeeReview(emp_review_id,user_id,location_id,review_text,review_date) VALUES (96,40,66,'I received positive feedback from the customers about the food and service.','5/6/2025');
INSERT INTO EmployeeReview(emp_review_id,user_id,location_id,review_text,review_date) VALUES (97,25,54,'The customers were appreciative of the recommendations I provided for their meals.','3/13/2026');
INSERT INTO EmployeeReview(emp_review_id,user_id,location_id,review_text,review_date) VALUES (98,20,2,'I received positive feedback from the customers about the food and service.','1/12/2026');
INSERT INTO EmployeeReview(emp_review_id,user_id,location_id,review_text,review_date) VALUES (99,8,58,'making my job easier.','3/11/2026');
INSERT INTO EmployeeReview(emp_review_id,user_id,location_id,review_text,review_date) VALUES (100,25,37,'The customers were patient and understanding','8/26/2025');
INSERT INTO EmployeeReview(emp_review_id,user_id,location_id,review_text,review_date) VALUES (101,6,9,'The customers were appreciative of the recommendations I provided for their meals.','5/22/2025');
INSERT INTO EmployeeReview(emp_review_id,user_id,location_id,review_text,review_date) VALUES (102,37,4,'making my job easier.','3/22/2026');
INSERT INTO EmployeeReview(emp_review_id,user_id,location_id,review_text,review_date) VALUES (103,40,26,'The customers were patient and understanding','8/7/2025');
INSERT INTO EmployeeReview(emp_review_id,user_id,location_id,review_text,review_date) VALUES (104,20,52,'I received positive feedback from the customers about the food and service.','4/19/2025');
INSERT INTO EmployeeReview(emp_review_id,user_id,location_id,review_text,review_date) VALUES (105,23,7,'The customers were patient and understanding','1/1/2026');
INSERT INTO EmployeeReview(emp_review_id,user_id,location_id,review_text,review_date) VALUES (106,30,31,'I felt proud of the quality of service I was able to deliver to the customers.','4/10/2026');
INSERT INTO EmployeeReview(emp_review_id,user_id,location_id,review_text,review_date) VALUES (107,15,54,'making my job easier.','12/16/2025');
INSERT INTO EmployeeReview(emp_review_id,user_id,location_id,review_text,review_date) VALUES (108,16,10,'The restaurant was busy but I managed to keep up with all the orders and requests.','12/8/2025');
INSERT INTO EmployeeReview(emp_review_id,user_id,location_id,review_text,review_date) VALUES (109,20,69,'The service was excellent and the customers seemed to enjoy their meals.','8/26/2025');
INSERT INTO EmployeeReview(emp_review_id,user_id,location_id,review_text,review_date) VALUES (110,34,54,'I had a great time interacting with the customers and providing top-notch service.','11/2/2025');
INSERT INTO EmployeeReview(emp_review_id,user_id,location_id,review_text,review_date) VALUES (111,37,10,'I enjoyed working with my team to ensure a smooth dining experience for the customers.','8/12/2025');
INSERT INTO EmployeeReview(emp_review_id,user_id,location_id,review_text,review_date) VALUES (112,32,11,'making my job easier.','11/7/2025');
INSERT INTO EmployeeReview(emp_review_id,user_id,location_id,review_text,review_date) VALUES (113,24,15,'I received positive feedback from the customers about the food and service.','9/10/2025');
INSERT INTO EmployeeReview(emp_review_id,user_id,location_id,review_text,review_date) VALUES (114,34,23,'making my job easier.','7/10/2025');
INSERT INTO EmployeeReview(emp_review_id,user_id,location_id,review_text,review_date) VALUES (115,34,51,'I felt proud of the quality of service I was able to deliver to the customers.','9/5/2025');
INSERT INTO EmployeeReview(emp_review_id,user_id,location_id,review_text,review_date) VALUES (116,30,11,'The customers were appreciative of the recommendations I provided for their meals.','11/29/2025');
INSERT INTO EmployeeReview(emp_review_id,user_id,location_id,review_text,review_date) VALUES (117,18,4,'The atmosphere was cozy and welcoming.','4/22/2025');
INSERT INTO EmployeeReview(emp_review_id,user_id,location_id,review_text,review_date) VALUES (118,3,13,'I enjoyed working with my team to ensure a smooth dining experience for the customers.','10/18/2025');
INSERT INTO EmployeeReview(emp_review_id,user_id,location_id,review_text,review_date) VALUES (119,38,12,'The service was excellent and the customers seemed to enjoy their meals.','8/22/2025');
INSERT INTO EmployeeReview(emp_review_id,user_id,location_id,review_text,review_date) VALUES (120,18,50,'The customers were appreciative of the recommendations I provided for their meals.','11/10/2025');
INSERT INTO EmployeeReview(emp_review_id,user_id,location_id,review_text,review_date) VALUES (121,6,28,'The restaurant was busy but I managed to keep up with all the orders and requests.','12/28/2025');
INSERT INTO EmployeeReview(emp_review_id,user_id,location_id,review_text,review_date) VALUES (122,22,50,'I enjoyed working with my team to ensure a smooth dining experience for the customers.','10/22/2025');
INSERT INTO EmployeeReview(emp_review_id,user_id,location_id,review_text,review_date) VALUES (123,29,62,'The atmosphere was cozy and welcoming.','9/23/2025');
INSERT INTO EmployeeReview(emp_review_id,user_id,location_id,review_text,review_date) VALUES (124,38,45,'I felt proud of the quality of service I was able to deliver to the customers.','1/23/2026');
INSERT INTO EmployeeReview(emp_review_id,user_id,location_id,review_text,review_date) VALUES (125,39,65,'The food was delicious and the customers were very friendly.','4/1/2026');
INSERT INTO EmployeeReview(emp_review_id,user_id,location_id,review_text,review_date) VALUES (126,39,13,'The customers were appreciative of the recommendations I provided for their meals.','7/11/2025');
INSERT INTO EmployeeReview(emp_review_id,user_id,location_id,review_text,review_date) VALUES (127,30,67,'The food was delicious and the customers were very friendly.','2/2/2026');
INSERT INTO EmployeeReview(emp_review_id,user_id,location_id,review_text,review_date) VALUES (128,12,25,'The customers were appreciative of the recommendations I provided for their meals.','12/20/2025');
INSERT INTO EmployeeReview(emp_review_id,user_id,location_id,review_text,review_date) VALUES (129,33,47,'I had a great time interacting with the customers and providing top-notch service.','11/19/2025');
INSERT INTO EmployeeReview(emp_review_id,user_id,location_id,review_text,review_date) VALUES (130,7,16,'I received positive feedback from the customers about the food and service.','6/15/2025');


-- EMPLOYEE RATINGS

INSERT INTO EmployeeRating(emp_rating_id,emp_review_id,category_id,score) VALUES (1,833,6,1);
INSERT INTO EmployeeRating(emp_rating_id,emp_review_id,category_id,score) VALUES (2,839,6,5);
INSERT INTO EmployeeRating(emp_rating_id,emp_review_id,category_id,score) VALUES (3,77,4,5);
INSERT INTO EmployeeRating(emp_rating_id,emp_review_id,category_id,score) VALUES (4,662,6,4);
INSERT INTO EmployeeRating(emp_rating_id,emp_review_id,category_id,score) VALUES (5,191,3,1);
INSERT INTO EmployeeRating(emp_rating_id,emp_review_id,category_id,score) VALUES (6,77,6,2);
INSERT INTO EmployeeRating(emp_rating_id,emp_review_id,category_id,score) VALUES (7,397,7,4);
INSERT INTO EmployeeRating(emp_rating_id,emp_review_id,category_id,score) VALUES (8,285,4,2);
INSERT INTO EmployeeRating(emp_rating_id,emp_review_id,category_id,score) VALUES (9,741,4,1);
INSERT INTO EmployeeRating(emp_rating_id,emp_review_id,category_id,score) VALUES (10,334,4,3);
INSERT INTO EmployeeRating(emp_rating_id,emp_review_id,category_id,score) VALUES (11,96,6,1);
INSERT INTO EmployeeRating(emp_rating_id,emp_review_id,category_id,score) VALUES (12,328,7,1);
INSERT INTO EmployeeRating(emp_rating_id,emp_review_id,category_id,score) VALUES (13,3,6,1);
INSERT INTO EmployeeRating(emp_rating_id,emp_review_id,category_id,score) VALUES (14,603,6,1);
INSERT INTO EmployeeRating(emp_rating_id,emp_review_id,category_id,score) VALUES (15,187,3,3);
INSERT INTO EmployeeRating(emp_rating_id,emp_review_id,category_id,score) VALUES (16,551,5,1);
INSERT INTO EmployeeRating(emp_rating_id,emp_review_id,category_id,score) VALUES (17,170,2,2);
INSERT INTO EmployeeRating(emp_rating_id,emp_review_id,category_id,score) VALUES (18,472,2,1);
INSERT INTO EmployeeRating(emp_rating_id,emp_review_id,category_id,score) VALUES (19,252,5,2);
INSERT INTO EmployeeRating(emp_rating_id,emp_review_id,category_id,score) VALUES (20,280,1,4);
INSERT INTO EmployeeRating(emp_rating_id,emp_review_id,category_id,score) VALUES (21,345,6,5);
INSERT INTO EmployeeRating(emp_rating_id,emp_review_id,category_id,score) VALUES (22,516,5,1);
INSERT INTO EmployeeRating(emp_rating_id,emp_review_id,category_id,score) VALUES (23,871,2,2);
INSERT INTO EmployeeRating(emp_rating_id,emp_review_id,category_id,score) VALUES (24,358,4,2);
INSERT INTO EmployeeRating(emp_rating_id,emp_review_id,category_id,score) VALUES (25,24,5,5);
INSERT INTO EmployeeRating(emp_rating_id,emp_review_id,category_id,score) VALUES (26,325,3,2);
INSERT INTO EmployeeRating(emp_rating_id,emp_review_id,category_id,score) VALUES (27,269,7,5);
INSERT INTO EmployeeRating(emp_rating_id,emp_review_id,category_id,score) VALUES (28,694,4,5);
INSERT INTO EmployeeRating(emp_rating_id,emp_review_id,category_id,score) VALUES (29,4,2,2);
INSERT INTO EmployeeRating(emp_rating_id,emp_review_id,category_id,score) VALUES (30,728,7,1);
INSERT INTO EmployeeRating(emp_rating_id,emp_review_id,category_id,score) VALUES (31,582,1,2);
INSERT INTO EmployeeRating(emp_rating_id,emp_review_id,category_id,score) VALUES (32,398,4,4);
INSERT INTO EmployeeRating(emp_rating_id,emp_review_id,category_id,score) VALUES (33,711,6,3);
INSERT INTO EmployeeRating(emp_rating_id,emp_review_id,category_id,score) VALUES (34,496,2,4);
INSERT INTO EmployeeRating(emp_rating_id,emp_review_id,category_id,score) VALUES (35,427,4,5);
INSERT INTO EmployeeRating(emp_rating_id,emp_review_id,category_id,score) VALUES (36,106,6,1);
INSERT INTO EmployeeRating(emp_rating_id,emp_review_id,category_id,score) VALUES (37,868,7,4);
INSERT INTO EmployeeRating(emp_rating_id,emp_review_id,category_id,score) VALUES (38,35,1,1);
INSERT INTO EmployeeRating(emp_rating_id,emp_review_id,category_id,score) VALUES (39,444,2,1);
INSERT INTO EmployeeRating(emp_rating_id,emp_review_id,category_id,score) VALUES (40,44,6,1);
INSERT INTO EmployeeRating(emp_rating_id,emp_review_id,category_id,score) VALUES (41,714,1,5);
INSERT INTO EmployeeRating(emp_rating_id,emp_review_id,category_id,score) VALUES (42,212,2,3);
INSERT INTO EmployeeRating(emp_rating_id,emp_review_id,category_id,score) VALUES (43,946,6,5);
INSERT INTO EmployeeRating(emp_rating_id,emp_review_id,category_id,score) VALUES (44,767,6,3);
INSERT INTO EmployeeRating(emp_rating_id,emp_review_id,category_id,score) VALUES (45,804,2,4);
INSERT INTO EmployeeRating(emp_rating_id,emp_review_id,category_id,score) VALUES (46,23,1,1);
INSERT INTO EmployeeRating(emp_rating_id,emp_review_id,category_id,score) VALUES (47,216,5,1);
INSERT INTO EmployeeRating(emp_rating_id,emp_review_id,category_id,score) VALUES (48,286,2,4);
INSERT INTO EmployeeRating(emp_rating_id,emp_review_id,category_id,score) VALUES (49,591,7,5);
INSERT INTO EmployeeRating(emp_rating_id,emp_review_id,category_id,score) VALUES (50,663,5,5);
INSERT INTO EmployeeRating(emp_rating_id,emp_review_id,category_id,score) VALUES (51,331,1,3);
INSERT INTO EmployeeRating(emp_rating_id,emp_review_id,category_id,score) VALUES (52,568,3,1);
INSERT INTO EmployeeRating(emp_rating_id,emp_review_id,category_id,score) VALUES (53,578,5,3);
INSERT INTO EmployeeRating(emp_rating_id,emp_review_id,category_id,score) VALUES (54,394,2,1);
INSERT INTO EmployeeRating(emp_rating_id,emp_review_id,category_id,score) VALUES (55,997,4,2);
INSERT INTO EmployeeRating(emp_rating_id,emp_review_id,category_id,score) VALUES (56,559,6,4);
INSERT INTO EmployeeRating(emp_rating_id,emp_review_id,category_id,score) VALUES (57,452,5,3);
INSERT INTO EmployeeRating(emp_rating_id,emp_review_id,category_id,score) VALUES (58,5,3,3);
INSERT INTO EmployeeRating(emp_rating_id,emp_review_id,category_id,score) VALUES (59,656,7,3);
INSERT INTO EmployeeRating(emp_rating_id,emp_review_id,category_id,score) VALUES (60,599,3,5);
INSERT INTO EmployeeRating(emp_rating_id,emp_review_id,category_id,score) VALUES (61,454,3,5);
INSERT INTO EmployeeRating(emp_rating_id,emp_review_id,category_id,score) VALUES (62,796,6,1);
INSERT INTO EmployeeRating(emp_rating_id,emp_review_id,category_id,score) VALUES (63,367,6,3);
INSERT INTO EmployeeRating(emp_rating_id,emp_review_id,category_id,score) VALUES (64,768,4,5);
INSERT INTO EmployeeRating(emp_rating_id,emp_review_id,category_id,score) VALUES (65,758,6,1);
INSERT INTO EmployeeRating(emp_rating_id,emp_review_id,category_id,score) VALUES (66,410,4,5);
INSERT INTO EmployeeRating(emp_rating_id,emp_review_id,category_id,score) VALUES (67,480,6,5);
INSERT INTO EmployeeRating(emp_rating_id,emp_review_id,category_id,score) VALUES (68,425,5,4);
INSERT INTO EmployeeRating(emp_rating_id,emp_review_id,category_id,score) VALUES (69,71,2,2);
INSERT INTO EmployeeRating(emp_rating_id,emp_review_id,category_id,score) VALUES (70,216,1,5);
INSERT INTO EmployeeRating(emp_rating_id,emp_review_id,category_id,score) VALUES (71,646,3,4);
INSERT INTO EmployeeRating(emp_rating_id,emp_review_id,category_id,score) VALUES (72,707,5,2);
INSERT INTO EmployeeRating(emp_rating_id,emp_review_id,category_id,score) VALUES (73,144,4,4);
INSERT INTO EmployeeRating(emp_rating_id,emp_review_id,category_id,score) VALUES (74,898,4,3);
INSERT INTO EmployeeRating(emp_rating_id,emp_review_id,category_id,score) VALUES (75,69,1,3);
INSERT INTO EmployeeRating(emp_rating_id,emp_review_id,category_id,score) VALUES (76,591,2,5);
INSERT INTO EmployeeRating(emp_rating_id,emp_review_id,category_id,score) VALUES (77,722,1,3);
INSERT INTO EmployeeRating(emp_rating_id,emp_review_id,category_id,score) VALUES (78,867,7,2);
INSERT INTO EmployeeRating(emp_rating_id,emp_review_id,category_id,score) VALUES (79,17,6,4);
INSERT INTO EmployeeRating(emp_rating_id,emp_review_id,category_id,score) VALUES (80,53,6,2);
INSERT INTO EmployeeRating(emp_rating_id,emp_review_id,category_id,score) VALUES (81,782,1,3);
INSERT INTO EmployeeRating(emp_rating_id,emp_review_id,category_id,score) VALUES (82,881,5,5);
INSERT INTO EmployeeRating(emp_rating_id,emp_review_id,category_id,score) VALUES (83,53,1,1);
INSERT INTO EmployeeRating(emp_rating_id,emp_review_id,category_id,score) VALUES (84,59,3,4);
INSERT INTO EmployeeRating(emp_rating_id,emp_review_id,category_id,score) VALUES (85,893,4,5);
INSERT INTO EmployeeRating(emp_rating_id,emp_review_id,category_id,score) VALUES (86,908,1,5);
INSERT INTO EmployeeRating(emp_rating_id,emp_review_id,category_id,score) VALUES (87,321,5,4);
INSERT INTO EmployeeRating(emp_rating_id,emp_review_id,category_id,score) VALUES (88,750,1,4);
INSERT INTO EmployeeRating(emp_rating_id,emp_review_id,category_id,score) VALUES (89,132,5,4);
INSERT INTO EmployeeRating(emp_rating_id,emp_review_id,category_id,score) VALUES (90,295,5,1);
INSERT INTO EmployeeRating(emp_rating_id,emp_review_id,category_id,score) VALUES (91,561,5,1);
INSERT INTO EmployeeRating(emp_rating_id,emp_review_id,category_id,score) VALUES (92,527,1,3);
INSERT INTO EmployeeRating(emp_rating_id,emp_review_id,category_id,score) VALUES (93,898,3,1);
INSERT INTO EmployeeRating(emp_rating_id,emp_review_id,category_id,score) VALUES (94,110,7,5);
INSERT INTO EmployeeRating(emp_rating_id,emp_review_id,category_id,score) VALUES (95,164,4,2);
INSERT INTO EmployeeRating(emp_rating_id,emp_review_id,category_id,score) VALUES (96,759,7,5);
INSERT INTO EmployeeRating(emp_rating_id,emp_review_id,category_id,score) VALUES (97,792,5,5);
INSERT INTO EmployeeRating(emp_rating_id,emp_review_id,category_id,score) VALUES (98,129,3,1);
INSERT INTO EmployeeRating(emp_rating_id,emp_review_id,category_id,score) VALUES (99,309,4,4);
INSERT INTO EmployeeRating(emp_rating_id,emp_review_id,category_id,score) VALUES (100,770,3,3);
INSERT INTO EmployeeRating(emp_rating_id,emp_review_id,category_id,score) VALUES (101,680,1,5);
INSERT INTO EmployeeRating(emp_rating_id,emp_review_id,category_id,score) VALUES (102,910,6,3);
INSERT INTO EmployeeRating(emp_rating_id,emp_review_id,category_id,score) VALUES (103,134,2,2);
INSERT INTO EmployeeRating(emp_rating_id,emp_review_id,category_id,score) VALUES (104,116,4,2);
INSERT INTO EmployeeRating(emp_rating_id,emp_review_id,category_id,score) VALUES (105,594,5,5);
INSERT INTO EmployeeRating(emp_rating_id,emp_review_id,category_id,score) VALUES (106,347,2,4);
INSERT INTO EmployeeRating(emp_rating_id,emp_review_id,category_id,score) VALUES (107,948,7,4);
INSERT INTO EmployeeRating(emp_rating_id,emp_review_id,category_id,score) VALUES (108,344,2,1);
INSERT INTO EmployeeRating(emp_rating_id,emp_review_id,category_id,score) VALUES (109,819,1,3);
INSERT INTO EmployeeRating(emp_rating_id,emp_review_id,category_id,score) VALUES (110,998,4,2);
INSERT INTO EmployeeRating(emp_rating_id,emp_review_id,category_id,score) VALUES (111,768,7,2);
INSERT INTO EmployeeRating(emp_rating_id,emp_review_id,category_id,score) VALUES (112,511,4,2);
INSERT INTO EmployeeRating(emp_rating_id,emp_review_id,category_id,score) VALUES (113,519,7,3);
INSERT INTO EmployeeRating(emp_rating_id,emp_review_id,category_id,score) VALUES (114,555,2,4);
INSERT INTO EmployeeRating(emp_rating_id,emp_review_id,category_id,score) VALUES (115,804,2,2);
INSERT INTO EmployeeRating(emp_rating_id,emp_review_id,category_id,score) VALUES (116,992,3,2);
INSERT INTO EmployeeRating(emp_rating_id,emp_review_id,category_id,score) VALUES (117,333,1,1);
INSERT INTO EmployeeRating(emp_rating_id,emp_review_id,category_id,score) VALUES (118,304,5,3);
INSERT INTO EmployeeRating(emp_rating_id,emp_review_id,category_id,score) VALUES (119,489,2,2);
INSERT INTO EmployeeRating(emp_rating_id,emp_review_id,category_id,score) VALUES (120,480,2,1);
INSERT INTO EmployeeRating(emp_rating_id,emp_review_id,category_id,score) VALUES (121,412,6,2);
INSERT INTO EmployeeRating(emp_rating_id,emp_review_id,category_id,score) VALUES (122,67,7,3);
INSERT INTO EmployeeRating(emp_rating_id,emp_review_id,category_id,score) VALUES (123,366,3,1);
INSERT INTO EmployeeRating(emp_rating_id,emp_review_id,category_id,score) VALUES (124,431,2,1);
INSERT INTO EmployeeRating(emp_rating_id,emp_review_id,category_id,score) VALUES (125,912,5,1);
INSERT INTO EmployeeRating(emp_rating_id,emp_review_id,category_id,score) VALUES (126,51,3,4);
INSERT INTO EmployeeRating(emp_rating_id,emp_review_id,category_id,score) VALUES (127,490,5,3);
INSERT INTO EmployeeRating(emp_rating_id,emp_review_id,category_id,score) VALUES (128,511,1,3);
INSERT INTO EmployeeRating(emp_rating_id,emp_review_id,category_id,score) VALUES (129,826,1,3);
INSERT INTO EmployeeRating(emp_rating_id,emp_review_id,category_id,score) VALUES (130,284,6,2);
