USE DiningDucks;
TRUNCATE TABLE User;

-- USER

INSERT INTO User(user_id,name,email,role) VALUES ('1','Georgeanna Want','gwant0@reference.com','employee');
INSERT INTO User(user_id,name,email,role) VALUES ('2','Elianora Overlow','eoverlow1@bravesites.com','company');
INSERT INTO User(user_id,name,email,role) VALUES ('3','Bink Reams','breams2@wiley.com','employee');
INSERT INTO User(user_id,name,email,role) VALUES ('4','Gerladina Marrian','gmarrian3@fotki.com','employee');
INSERT INTO User(user_id,name,email,role) VALUES ('5','Grover Coatts','gcoatts4@merriam-webster.com','reviewer');
INSERT INTO User(user_id,name,email,role) VALUES ('6','Ame Khoter','akhoter5@soup.io','employee');
INSERT INTO User(user_id,name,email,role) VALUES ('7','Rebekkah Poppy','rpoppy6@plala.or.jp','employee');
INSERT INTO User(user_id,name,email,role) VALUES ('8','Correna Kondrat','ckondrat7@elegantthemes.com','reviewer');
INSERT INTO User(user_id,name,email,role) VALUES ('9','Lexi Blaisdell','lblaisdell8@technorati.com','reviewer');
INSERT INTO User(user_id,name,email,role) VALUES ('10','Fabe Grimsdith','fgrimsdith9@google.es','reviewer');
INSERT INTO User(user_id,name,email,role) VALUES ('11','Valry Livings','vlivingsa@ftc.gov','admin');
INSERT INTO User(user_id,name,email,role) VALUES ('12','Alexia O'' Culligan','aob@youtube.com','admin');
INSERT INTO User(user_id,name,email,role) VALUES ('13','Falito Hext','fhextc@eepurl.com','company');
INSERT INTO User(user_id,name,email,role) VALUES ('14','Randa Sprasen','rsprasend@abc.net.au','reviewer');
INSERT INTO User(user_id,name,email,role) VALUES ('15','Philippa Welchman','pwelchmane@altervista.org','reviewer');
INSERT INTO User(user_id,name,email,role) VALUES ('16','Don Worner','dwornerf@slashdot.org','reviewer');
INSERT INTO User(user_id,name,email,role) VALUES ('17','Glenn Lightfoot','glightfootg@360.cn','reviewer');
INSERT INTO User(user_id,name,email,role) VALUES ('18','Etienne Thicking','ethickingh@ebay.co.uk','reviewer');
INSERT INTO User(user_id,name,email,role) VALUES ('19','Catlaina Salvador','csalvadori@utexas.edu','company');
INSERT INTO User(user_id,name,email,role) VALUES ('20','Charisse Delong','cdelongj@stumbleupon.com','admin');
INSERT INTO User(user_id,name,email,role) VALUES ('21','Harlene Cain','hcaink@pinterest.com','company');
INSERT INTO User(user_id,name,email,role) VALUES ('22','Gloria Eicheler','geichelerl@goodreads.com','reviewer');
INSERT INTO User(user_id,name,email,role) VALUES ('23','April Dumbrall','adumbrallm@intel.com','employee');
INSERT INTO User(user_id,name,email,role) VALUES ('24','Gilly Shivlin','gshivlinn@yale.edu','reviewer');
INSERT INTO User(user_id,name,email,role) VALUES ('25','Deb Aiton','daitono@cnn.com','reviewer');
INSERT INTO User(user_id,name,email,role) VALUES ('26','Susanne Normabell','snormabellp@issuu.com','employee');
INSERT INTO User(user_id,name,email,role) VALUES ('27','Otha Nettleship','onettleshipq@surveymonkey.com','employee');
INSERT INTO User(user_id,name,email,role) VALUES ('28','Neila Haselup','nhaselupr@soup.io','employee');
INSERT INTO User(user_id,name,email,role) VALUES ('29','Marni Stiff','mstiffs@altervista.org','reviewer');
INSERT INTO User(user_id,name,email,role) VALUES ('30','Arman Chatres','achatrest@unc.edu','admin');
INSERT INTO User(user_id,name,email,role) VALUES ('31','Christoph Yarmouth','cyarmouthu@github.com','reviewer');
INSERT INTO User(user_id,name,email,role) VALUES ('32','Lesly Hinz','lhinzv@bandcamp.com','admin');
INSERT INTO User(user_id,name,email,role) VALUES ('33','Jerome Lohan','jlohanw@newyorker.com','reviewer');
INSERT INTO User(user_id,name,email,role) VALUES ('34','Jacqui Lapthorne','jlapthornex@discovery.com','reviewer');
INSERT INTO User(user_id,name,email,role) VALUES ('35','Jeane Pays','jpaysy@posterous.com','reviewer');
INSERT INTO User(user_id,name,email,role) VALUES ('36','Taddeusz Garmon','tgarmonz@cdbaby.com','employee');
INSERT INTO User(user_id,name,email,role) VALUES ('37','Leonanie Steggles','lsteggles10@over-blog.com','admin');
INSERT INTO User(user_id,name,email,role) VALUES ('38','Petunia Bethell','pbethell11@dyndns.org','admin');
INSERT INTO User(user_id,name,email,role) VALUES ('39','Lona Sadat','lsadat12@huffingtonpost.com','reviewer');
INSERT INTO User(user_id,name,email,role) VALUES ('40','Deanna Rowcastle','drowcastle13@wisc.edu','company');

-- COMPANY

INSERT INTO Company(company_id,name) VALUES (1,'Midtown Bites');
INSERT INTO Company(company_id,name) VALUES (2,'Lighthouse Dining');
INSERT INTO Company(company_id,name) VALUES (3,'Oak Table');
INSERT INTO Company(company_id,name) VALUES (4,'Riverstone Dining');
INSERT INTO Company(company_id,name) VALUES (5,'Skyline Kitchen');
INSERT INTO Company(company_id,name) VALUES (6,'Maple & Main');
INSERT INTO Company(company_id,name) VALUES (7,'Morning Star Cafe');
INSERT INTO Company(company_id,name) VALUES (8,'Cedar Plate');
INSERT INTO Company(company_id,name) VALUES (9,'Amber Table');
INSERT INTO Company(company_id,name) VALUES (10,'Summit Table');
INSERT INTO Company(company_id,name) VALUES (11,'Stonebridge Grill');
INSERT INTO Company(company_id,name) VALUES (12,'Willow & Fork');
INSERT INTO Company(company_id,name) VALUES (13,'West End Grill');
INSERT INTO Company(company_id,name) VALUES (14,'Brick Oven House');
INSERT INTO Company(company_id,name) VALUES (15,'Urban Bite');
INSERT INTO Company(company_id,name) VALUES (16,'Coastal Spoon');
INSERT INTO Company(company_id,name) VALUES (17,'Cornerstone Cafe');
INSERT INTO Company(company_id,name) VALUES (18,'Lighthouse Dining');
INSERT INTO Company(company_id,name) VALUES (19,'Ironwood Kitchen');
INSERT INTO Company(company_id,name) VALUES (20,'Urban Bite');
INSERT INTO Company(company_id,name) VALUES (21,'Skyline Kitchen');
INSERT INTO Company(company_id,name) VALUES (22,'Eastwood Eats');
INSERT INTO Company(company_id,name) VALUES (23,'Crimson Fork');
INSERT INTO Company(company_id,name) VALUES (24,'Northwind Diner');
INSERT INTO Company(company_id,name) VALUES (25,'Oak Table');
INSERT INTO Company(company_id,name) VALUES (26,'Ironwood Kitchen');
INSERT INTO Company(company_id,name) VALUES (27,'Urban Bite');
INSERT INTO Company(company_id,name) VALUES (28,'Golden Hour Bistro');
INSERT INTO Company(company_id,name) VALUES (29,'Blue Harbor Grill');
INSERT INTO Company(company_id,name) VALUES (30,'Brick Oven House');
INSERT INTO Company(company_id,name) VALUES (31,'Dining Ducks');
INSERT INTO Company(company_id,name) VALUES (32,'Golden Fork');
INSERT INTO Company(company_id,name) VALUES (33,'Maple & Main');
INSERT INTO Company(company_id,name) VALUES (34,'Cornerstone Cafe');
INSERT INTO Company(company_id,name) VALUES (35,'Blue Harbor Grill');
INSERT INTO Company(company_id,name) VALUES (36,'Bluebird Dining');
INSERT INTO Company(company_id,name) VALUES (37,'Harbor & Hearth');
INSERT INTO Company(company_id,name) VALUES (38,'Velvet Plate');
INSERT INTO Company(company_id,name) VALUES (39,'Lighthouse Dining');
INSERT INTO Company(company_id,name) VALUES (40,'Harvest & Co');

-- RESTAURANT LOCATION

INSERT INTO RestaurantLocation(location_id,company_id,address,city,price_range) VALUES (1,13,'69916 Dixon Road','Santa Rosa de Lima','$$');
INSERT INTO RestaurantLocation(location_id,company_id,address,city,price_range) VALUES (2,2,'3 Kings Plaza','Sarae','$$$');
INSERT INTO RestaurantLocation(location_id,company_id,address,city,price_range) VALUES (3,28,'9520 Cody Junction','Selouane','$$$');
INSERT INTO RestaurantLocation(location_id,company_id,address,city,price_range) VALUES (4,2,'17186 Leroy Point','Säffle','$$$$');
INSERT INTO RestaurantLocation(location_id,company_id,address,city,price_range) VALUES (5,23,'61780 Myrtle Plaza','San Juan Ixcoy','$$');
INSERT INTO RestaurantLocation(location_id,company_id,address,city,price_range) VALUES (6,3,'7921 Homewood Alley','Ubon Ratchathani','$$$');
INSERT INTO RestaurantLocation(location_id,company_id,address,city,price_range) VALUES (7,22,'827 Vahlen Place','Göteborg','$$');
INSERT INTO RestaurantLocation(location_id,company_id,address,city,price_range) VALUES (8,30,'21933 Dunning Street','Santo Domingo','$$');
INSERT INTO RestaurantLocation(location_id,company_id,address,city,price_range) VALUES (9,21,'9 Norway Maple Drive','Boavista','$$$');
INSERT INTO RestaurantLocation(location_id,company_id,address,city,price_range) VALUES (10,9,'52897 Huxley Park','Матејче','$');
INSERT INTO RestaurantLocation(location_id,company_id,address,city,price_range) VALUES (11,4,'332 Ridgeview Court','Annecy','$$$$');
INSERT INTO RestaurantLocation(location_id,company_id,address,city,price_range) VALUES (12,10,'6266 Granby Parkway','Jiefang','$');
INSERT INTO RestaurantLocation(location_id,company_id,address,city,price_range) VALUES (13,26,'25 Alpine Circle','Jazovo','$');
INSERT INTO RestaurantLocation(location_id,company_id,address,city,price_range) VALUES (14,13,'28250 Haas Terrace','San Carlos','$$$');
INSERT INTO RestaurantLocation(location_id,company_id,address,city,price_range) VALUES (15,6,'85131 Spaight Street','Donja Mahala','$$$');
INSERT INTO RestaurantLocation(location_id,company_id,address,city,price_range) VALUES (16,27,'852 Evergreen Way','Zuoxi','$$$$');
INSERT INTO RestaurantLocation(location_id,company_id,address,city,price_range) VALUES (17,7,'2 Division Place','Rustāq','$$$');
INSERT INTO RestaurantLocation(location_id,company_id,address,city,price_range) VALUES (18,16,'8282 Carey Place','Skoroszyce','$$$$');
INSERT INTO RestaurantLocation(location_id,company_id,address,city,price_range) VALUES (19,37,'6 Lunder Point','Huurch','$$');
INSERT INTO RestaurantLocation(location_id,company_id,address,city,price_range) VALUES (20,37,'991 Forest Drive','Jiangcun','$$');
INSERT INTO RestaurantLocation(location_id,company_id,address,city,price_range) VALUES (21,6,'39884 Prairieview Court','Paris 12','$$$');
INSERT INTO RestaurantLocation(location_id,company_id,address,city,price_range) VALUES (22,40,'27 Mayer Street','São João Nepomuceno','$');
INSERT INTO RestaurantLocation(location_id,company_id,address,city,price_range) VALUES (23,31,'21 Atwood Pass','Casa Branca','$');
INSERT INTO RestaurantLocation(location_id,company_id,address,city,price_range) VALUES (24,3,'8 Starling Drive','Asprángeloi','$$$');
INSERT INTO RestaurantLocation(location_id,company_id,address,city,price_range) VALUES (25,5,'7834 Elmside Court','Luchingu','$$$');
INSERT INTO RestaurantLocation(location_id,company_id,address,city,price_range) VALUES (26,3,'6766 Porter Place','Sale','$');
INSERT INTO RestaurantLocation(location_id,company_id,address,city,price_range) VALUES (27,16,'95108 Barby Drive','Kedungasem','$$');
INSERT INTO RestaurantLocation(location_id,company_id,address,city,price_range) VALUES (28,7,'55722 Cherokee Avenue','Kaduseeng','$');
INSERT INTO RestaurantLocation(location_id,company_id,address,city,price_range) VALUES (29,18,'45 Old Shore Trail','Jinshan','$');
INSERT INTO RestaurantLocation(location_id,company_id,address,city,price_range) VALUES (30,25,'58028 Carpenter Alley','Pirassununga','$');
INSERT INTO RestaurantLocation(location_id,company_id,address,city,price_range) VALUES (31,3,'235 Express Place','Bcharré','$$$');
INSERT INTO RestaurantLocation(location_id,company_id,address,city,price_range) VALUES (32,23,'9307 Hollow Ridge Place','Pecka','$$$$');
INSERT INTO RestaurantLocation(location_id,company_id,address,city,price_range) VALUES (33,34,'4 Arizona Avenue','Olyka','$');
INSERT INTO RestaurantLocation(location_id,company_id,address,city,price_range) VALUES (34,32,'0397 Shoshone Point','Łąka Prudnicka','$$$$');
INSERT INTO RestaurantLocation(location_id,company_id,address,city,price_range) VALUES (35,20,'08562 Holmberg Circle','Trairi','$$$$');
INSERT INTO RestaurantLocation(location_id,company_id,address,city,price_range) VALUES (36,18,'631 Harbort Lane','Garzón','$$$');
INSERT INTO RestaurantLocation(location_id,company_id,address,city,price_range) VALUES (37,4,'6 Bayside Way','Zhangjiafang','$$$');
INSERT INTO RestaurantLocation(location_id,company_id,address,city,price_range) VALUES (38,18,'2 Burrows Crossing','Alfeizerão','$$$$');
INSERT INTO RestaurantLocation(location_id,company_id,address,city,price_range) VALUES (39,1,'76 Harbort Hill','El Nido','$$$$');
INSERT INTO RestaurantLocation(location_id,company_id,address,city,price_range) VALUES (40,20,'411 Old Shore Pass','Tengah','$');
INSERT INTO RestaurantLocation(location_id,company_id,address,city,price_range) VALUES (41,20,'0 Pawling Trail','Houmt Souk','$$$$');
INSERT INTO RestaurantLocation(location_id,company_id,address,city,price_range) VALUES (42,37,'6881 Bartelt Junction','Norak','$');
INSERT INTO RestaurantLocation(location_id,company_id,address,city,price_range) VALUES (43,39,'5 Reindahl Drive','Yaosai','$$$');
INSERT INTO RestaurantLocation(location_id,company_id,address,city,price_range) VALUES (44,6,'7427 East Alley','Okanagan','$$$');
INSERT INTO RestaurantLocation(location_id,company_id,address,city,price_range) VALUES (45,27,'223 Oak Terrace','Desa Baregbeg','$$$$');
INSERT INTO RestaurantLocation(location_id,company_id,address,city,price_range) VALUES (46,6,'7692 Sommers Crossing','Shawnee Mission','$$$$');
INSERT INTO RestaurantLocation(location_id,company_id,address,city,price_range) VALUES (47,18,'66 Sage Trail','Bintang','$');
INSERT INTO RestaurantLocation(location_id,company_id,address,city,price_range) VALUES (48,37,'664 Goodland Park','Cidahu','$$$$');
INSERT INTO RestaurantLocation(location_id,company_id,address,city,price_range) VALUES (49,23,'0708 Melrose Terrace','Strogino','$');
INSERT INTO RestaurantLocation(location_id,company_id,address,city,price_range) VALUES (50,37,'5 Northport Alley','Xiongchi','$$');
INSERT INTO RestaurantLocation(location_id,company_id,address,city,price_range) VALUES (51,8,'84813 Mayfield Park','Kamárai','$');
INSERT INTO RestaurantLocation(location_id,company_id,address,city,price_range) VALUES (52,35,'42140 Clyde Gallagher Avenue','Kudusan','$$');
INSERT INTO RestaurantLocation(location_id,company_id,address,city,price_range) VALUES (53,1,'7005 Cody Parkway','Pangalangan','$$$$');
INSERT INTO RestaurantLocation(location_id,company_id,address,city,price_range) VALUES (54,16,'68 Cambridge Place','Wenshao','$$$$');
INSERT INTO RestaurantLocation(location_id,company_id,address,city,price_range) VALUES (55,34,'758 Merchant Junction','Menzel Abderhaman','$');
INSERT INTO RestaurantLocation(location_id,company_id,address,city,price_range) VALUES (56,10,'9 Lyons Hill','Beishan','$$$$');
INSERT INTO RestaurantLocation(location_id,company_id,address,city,price_range) VALUES (57,30,'3027 Bunker Hill Trail','Lagunas','$$$');
INSERT INTO RestaurantLocation(location_id,company_id,address,city,price_range) VALUES (58,25,'1510 Sauthoff Crossing','Nerópolis','$');
INSERT INTO RestaurantLocation(location_id,company_id,address,city,price_range) VALUES (59,20,'0469 Superior Street','Bečmen','$$');
INSERT INTO RestaurantLocation(location_id,company_id,address,city,price_range) VALUES (60,30,'304 Fairfield Point','Velventós','$$$$');
INSERT INTO RestaurantLocation(location_id,company_id,address,city,price_range) VALUES (61,4,'79381 Gulseth Point','Nuevo Arraiján','$');
INSERT INTO RestaurantLocation(location_id,company_id,address,city,price_range) VALUES (62,1,'54649 School Trail','Baisha','$$$$');
INSERT INTO RestaurantLocation(location_id,company_id,address,city,price_range) VALUES (63,36,'8672 Nancy Drive','Ōkuchi','$');
INSERT INTO RestaurantLocation(location_id,company_id,address,city,price_range) VALUES (64,14,'270 Laurel Circle','Kabar Utara','$$$$');
INSERT INTO RestaurantLocation(location_id,company_id,address,city,price_range) VALUES (65,22,'13 Holmberg Plaza','Lobuni','$');
INSERT INTO RestaurantLocation(location_id,company_id,address,city,price_range) VALUES (66,36,'0 Eagle Crest Trail','Marigot','$$$');
INSERT INTO RestaurantLocation(location_id,company_id,address,city,price_range) VALUES (67,33,'07583 5th Circle','Tirtopuro','$$');
INSERT INTO RestaurantLocation(location_id,company_id,address,city,price_range) VALUES (68,10,'37965 Tomscot Drive','Rezh','$$$');
INSERT INTO RestaurantLocation(location_id,company_id,address,city,price_range) VALUES (69,40,'046 Tony Pass','Dolna Banya','$$$$');
INSERT INTO RestaurantLocation(location_id,company_id,address,city,price_range) VALUES (70,17,'810 Brickson Park Avenue','Pescadería','$$$');



