USE DiningDucks;
TRUNCATE TABLE User;
TRUNCATE TABLE Company;
TRUNCATE TABLE RestaurantLocation;
TRUNCATE TABLE Category;
TRUNCATE TABLE CustomerReview;
TRUNCATE TABLE Rating;
TRUNCATE TABLE EmployeeReview;
TRUNCATE TABLE EmployeeRating;


-- USER

INSERT INTO User(user_id,name,email,role) VALUES ('1','Georgeanna Want','gwant0@reference.com','employee');
INSERT INTO User(user_id,name,email,role) VALUES ('2','Elianora Overlow','eoverlow1@bravesites.com','company');
INSERT INTO User(user_id,name,email,role) VALUES ('3','Bink Reams','breams2@wiley.com','employee');
INSERT INTO User(user_id,name,email,role) VALUES ('4','Gerladina Marrian','gmarrian3@fotki.com','employee');
INSERT INTO User(user_id,name,email,role) VALUES ('5','Grover Coatts','gcoatts4@merriam-webster.com','reviewer');
INSERT INTO User(user_id,name,email,role) VALUES ('6','Ame Khoter','akhoter5@soup.io','employee');
INSERT INTO User(user_id,name,email,role) VALUES ('7','Rebekkah Poppy','rpoppy6@plala.or.jp','employee');
INSERT INTO User(user_id,name,email,role) VALUES ('8','Correna Kondrat','ckondrat7@elegantthemes.com','reviewer');
INSERT INTO User(user_id,name,email,role) VALUES ('9','Lexi Blaisdell','lblaisdell8@technorati.com','reviewer');
INSERT INTO User(user_id,name,email,role) VALUES ('10','Fabe Grimsdith','fgrimsdith9@google.es','reviewer');
INSERT INTO User(user_id,name,email,role) VALUES ('11','Valry Livings','vlivingsa@ftc.gov','admin');
INSERT INTO User(user_id,name,email,role) VALUES ('12','Alexia O'' Culligan','aob@youtube.com','admin');
INSERT INTO User(user_id,name,email,role) VALUES ('13','Falito Hext','fhextc@eepurl.com','company');
INSERT INTO User(user_id,name,email,role) VALUES ('14','Randa Sprasen','rsprasend@abc.net.au','reviewer');
INSERT INTO User(user_id,name,email,role) VALUES ('15','Philippa Welchman','pwelchmane@altervista.org','reviewer');
INSERT INTO User(user_id,name,email,role) VALUES ('16','Don Worner','dwornerf@slashdot.org','reviewer');
INSERT INTO User(user_id,name,email,role) VALUES ('17','Glenn Lightfoot','glightfootg@360.cn','reviewer');
INSERT INTO User(user_id,name,email,role) VALUES ('18','Etienne Thicking','ethickingh@ebay.co.uk','reviewer');
INSERT INTO User(user_id,name,email,role) VALUES ('19','Catlaina Salvador','csalvadori@utexas.edu','company');
INSERT INTO User(user_id,name,email,role) VALUES ('20','Charisse Delong','cdelongj@stumbleupon.com','admin');
INSERT INTO User(user_id,name,email,role) VALUES ('21','Harlene Cain','hcaink@pinterest.com','company');
INSERT INTO User(user_id,name,email,role) VALUES ('22','Gloria Eicheler','geichelerl@goodreads.com','reviewer');
INSERT INTO User(user_id,name,email,role) VALUES ('23','April Dumbrall','adumbrallm@intel.com','employee');
INSERT INTO User(user_id,name,email,role) VALUES ('24','Gilly Shivlin','gshivlinn@yale.edu','reviewer');
INSERT INTO User(user_id,name,email,role) VALUES ('25','Deb Aiton','daitono@cnn.com','reviewer');
INSERT INTO User(user_id,name,email,role) VALUES ('26','Susanne Normabell','snormabellp@issuu.com','employee');
INSERT INTO User(user_id,name,email,role) VALUES ('27','Otha Nettleship','onettleshipq@surveymonkey.com','employee');
INSERT INTO User(user_id,name,email,role) VALUES ('28','Neila Haselup','nhaselupr@soup.io','employee');
INSERT INTO User(user_id,name,email,role) VALUES ('29','Marni Stiff','mstiffs@altervista.org','reviewer');
INSERT INTO User(user_id,name,email,role) VALUES ('30','Arman Chatres','achatrest@unc.edu','admin');
INSERT INTO User(user_id,name,email,role) VALUES ('31','Christoph Yarmouth','cyarmouthu@github.com','reviewer');
INSERT INTO User(user_id,name,email,role) VALUES ('32','Lesly Hinz','lhinzv@bandcamp.com','admin');
INSERT INTO User(user_id,name,email,role) VALUES ('33','Jerome Lohan','jlohanw@newyorker.com','reviewer');
INSERT INTO User(user_id,name,email,role) VALUES ('34','Jacqui Lapthorne','jlapthornex@discovery.com','reviewer');
INSERT INTO User(user_id,name,email,role) VALUES ('35','Jeane Pays','jpaysy@posterous.com','reviewer');
INSERT INTO User(user_id,name,email,role) VALUES ('36','Taddeusz Garmon','tgarmonz@cdbaby.com','employee');
INSERT INTO User(user_id,name,email,role) VALUES ('37','Leonanie Steggles','lsteggles10@over-blog.com','admin');
INSERT INTO User(user_id,name,email,role) VALUES ('38','Petunia Bethell','pbethell11@dyndns.org','admin');
INSERT INTO User(user_id,name,email,role) VALUES ('39','Lona Sadat','lsadat12@huffingtonpost.com','reviewer');
INSERT INTO User(user_id,name,email,role) VALUES ('40','Deanna Rowcastle','drowcastle13@wisc.edu','company');

-- COMPANY

INSERT INTO Company(company_id,name) VALUES (1,'Midtown Bites');
INSERT INTO Company(company_id,name) VALUES (2,'Lighthouse Dining');
INSERT INTO Company(company_id,name) VALUES (3,'Oak Table');
INSERT INTO Company(company_id,name) VALUES (4,'Riverstone Dining');
INSERT INTO Company(company_id,name) VALUES (5,'Skyline Kitchen');
INSERT INTO Company(company_id,name) VALUES (6,'Maple & Main');
INSERT INTO Company(company_id,name) VALUES (7,'Morning Star Cafe');
INSERT INTO Company(company_id,name) VALUES (8,'Cedar Plate');
INSERT INTO Company(company_id,name) VALUES (9,'Amber Table');
INSERT INTO Company(company_id,name) VALUES (10,'Summit Table');
INSERT INTO Company(company_id,name) VALUES (11,'Stonebridge Grill');
INSERT INTO Company(company_id,name) VALUES (12,'Willow & Fork');
INSERT INTO Company(company_id,name) VALUES (13,'West End Grill');
INSERT INTO Company(company_id,name) VALUES (14,'Brick Oven House');
INSERT INTO Company(company_id,name) VALUES (15,'Urban Bite');
INSERT INTO Company(company_id,name) VALUES (16,'Coastal Spoon');
INSERT INTO Company(company_id,name) VALUES (17,'Cornerstone Cafe');
INSERT INTO Company(company_id,name) VALUES (18,'Lighthouse Dining');
INSERT INTO Company(company_id,name) VALUES (19,'Ironwood Kitchen');
INSERT INTO Company(company_id,name) VALUES (20,'Urban Bite');
INSERT INTO Company(company_id,name) VALUES (21,'Skyline Kitchen');
INSERT INTO Company(company_id,name) VALUES (22,'Eastwood Eats');
INSERT INTO Company(company_id,name) VALUES (23,'Crimson Fork');
INSERT INTO Company(company_id,name) VALUES (24,'Northwind Diner');
INSERT INTO Company(company_id,name) VALUES (25,'Oak Table');
INSERT INTO Company(company_id,name) VALUES (26,'Ironwood Kitchen');
INSERT INTO Company(company_id,name) VALUES (27,'Urban Bite');
INSERT INTO Company(company_id,name) VALUES (28,'Golden Hour Bistro');
INSERT INTO Company(company_id,name) VALUES (29,'Blue Harbor Grill');
INSERT INTO Company(company_id,name) VALUES (30,'Brick Oven House');
INSERT INTO Company(company_id,name) VALUES (31,'Dining Ducks');
INSERT INTO Company(company_id,name) VALUES (32,'Golden Fork');
INSERT INTO Company(company_id,name) VALUES (33,'Maple & Main');
INSERT INTO Company(company_id,name) VALUES (34,'Cornerstone Cafe');
INSERT INTO Company(company_id,name) VALUES (35,'Blue Harbor Grill');
INSERT INTO Company(company_id,name) VALUES (36,'Bluebird Dining');
INSERT INTO Company(company_id,name) VALUES (37,'Harbor & Hearth');
INSERT INTO Company(company_id,name) VALUES (38,'Velvet Plate');
INSERT INTO Company(company_id,name) VALUES (39,'Lighthouse Dining');
INSERT INTO Company(company_id,name) VALUES (40,'Harvest & Co');

-- RESTAURANT LOCATION

INSERT INTO RestaurantLocation(location_id,company_id,address,city,price_range) VALUES (1,13,'69916 Dixon Road','Santa Rosa de Lima','$$');
INSERT INTO RestaurantLocation(location_id,company_id,address,city,price_range) VALUES (2,2,'3 Kings Plaza','Sarae','$$$');
INSERT INTO RestaurantLocation(location_id,company_id,address,city,price_range) VALUES (3,28,'9520 Cody Junction','Selouane','$$$');
INSERT INTO RestaurantLocation(location_id,company_id,address,city,price_range) VALUES (4,2,'17186 Leroy Point','Säffle','$$$$');
INSERT INTO RestaurantLocation(location_id,company_id,address,city,price_range) VALUES (5,23,'61780 Myrtle Plaza','San Juan Ixcoy','$$');
INSERT INTO RestaurantLocation(location_id,company_id,address,city,price_range) VALUES (6,3,'7921 Homewood Alley','Ubon Ratchathani','$$$');
INSERT INTO RestaurantLocation(location_id,company_id,address,city,price_range) VALUES (7,22,'827 Vahlen Place','Göteborg','$$');
INSERT INTO RestaurantLocation(location_id,company_id,address,city,price_range) VALUES (8,30,'21933 Dunning Street','Santo Domingo','$$');
INSERT INTO RestaurantLocation(location_id,company_id,address,city,price_range) VALUES (9,21,'9 Norway Maple Drive','Boavista','$$$');
INSERT INTO RestaurantLocation(location_id,company_id,address,city,price_range) VALUES (10,9,'52897 Huxley Park','Матејче','$');
INSERT INTO RestaurantLocation(location_id,company_id,address,city,price_range) VALUES (11,4,'332 Ridgeview Court','Annecy','$$$$');
INSERT INTO RestaurantLocation(location_id,company_id,address,city,price_range) VALUES (12,10,'6266 Granby Parkway','Jiefang','$');
INSERT INTO RestaurantLocation(location_id,company_id,address,city,price_range) VALUES (13,26,'25 Alpine Circle','Jazovo','$');
INSERT INTO RestaurantLocation(location_id,company_id,address,city,price_range) VALUES (14,13,'28250 Haas Terrace','San Carlos','$$$');
INSERT INTO RestaurantLocation(location_id,company_id,address,city,price_range) VALUES (15,6,'85131 Spaight Street','Donja Mahala','$$$');
INSERT INTO RestaurantLocation(location_id,company_id,address,city,price_range) VALUES (16,27,'852 Evergreen Way','Zuoxi','$$$$');
INSERT INTO RestaurantLocation(location_id,company_id,address,city,price_range) VALUES (17,7,'2 Division Place','Rustāq','$$$');
INSERT INTO RestaurantLocation(location_id,company_id,address,city,price_range) VALUES (18,16,'8282 Carey Place','Skoroszyce','$$$$');
INSERT INTO RestaurantLocation(location_id,company_id,address,city,price_range) VALUES (19,37,'6 Lunder Point','Huurch','$$');
INSERT INTO RestaurantLocation(location_id,company_id,address,city,price_range) VALUES (20,37,'991 Forest Drive','Jiangcun','$$');
INSERT INTO RestaurantLocation(location_id,company_id,address,city,price_range) VALUES (21,6,'39884 Prairieview Court','Paris 12','$$$');
INSERT INTO RestaurantLocation(location_id,company_id,address,city,price_range) VALUES (22,40,'27 Mayer Street','São João Nepomuceno','$');
INSERT INTO RestaurantLocation(location_id,company_id,address,city,price_range) VALUES (23,31,'21 Atwood Pass','Casa Branca','$');
INSERT INTO RestaurantLocation(location_id,company_id,address,city,price_range) VALUES (24,3,'8 Starling Drive','Asprángeloi','$$$');
INSERT INTO RestaurantLocation(location_id,company_id,address,city,price_range) VALUES (25,5,'7834 Elmside Court','Luchingu','$$$');
INSERT INTO RestaurantLocation(location_id,company_id,address,city,price_range) VALUES (26,3,'6766 Porter Place','Sale','$');
INSERT INTO RestaurantLocation(location_id,company_id,address,city,price_range) VALUES (27,16,'95108 Barby Drive','Kedungasem','$$');
INSERT INTO RestaurantLocation(location_id,company_id,address,city,price_range) VALUES (28,7,'55722 Cherokee Avenue','Kaduseeng','$');
INSERT INTO RestaurantLocation(location_id,company_id,address,city,price_range) VALUES (29,18,'45 Old Shore Trail','Jinshan','$');
INSERT INTO RestaurantLocation(location_id,company_id,address,city,price_range) VALUES (30,25,'58028 Carpenter Alley','Pirassununga','$');
INSERT INTO RestaurantLocation(location_id,company_id,address,city,price_range) VALUES (31,3,'235 Express Place','Bcharré','$$$');
INSERT INTO RestaurantLocation(location_id,company_id,address,city,price_range) VALUES (32,23,'9307 Hollow Ridge Place','Pecka','$$$$');
INSERT INTO RestaurantLocation(location_id,company_id,address,city,price_range) VALUES (33,34,'4 Arizona Avenue','Olyka','$');
INSERT INTO RestaurantLocation(location_id,company_id,address,city,price_range) VALUES (34,32,'0397 Shoshone Point','Łąka Prudnicka','$$$$');
INSERT INTO RestaurantLocation(location_id,company_id,address,city,price_range) VALUES (35,20,'08562 Holmberg Circle','Trairi','$$$$');
INSERT INTO RestaurantLocation(location_id,company_id,address,city,price_range) VALUES (36,18,'631 Harbort Lane','Garzón','$$$');
INSERT INTO RestaurantLocation(location_id,company_id,address,city,price_range) VALUES (37,4,'6 Bayside Way','Zhangjiafang','$$$');
INSERT INTO RestaurantLocation(location_id,company_id,address,city,price_range) VALUES (38,18,'2 Burrows Crossing','Alfeizerão','$$$$');
INSERT INTO RestaurantLocation(location_id,company_id,address,city,price_range) VALUES (39,1,'76 Harbort Hill','El Nido','$$$$');
INSERT INTO RestaurantLocation(location_id,company_id,address,city,price_range) VALUES (40,20,'411 Old Shore Pass','Tengah','$');
INSERT INTO RestaurantLocation(location_id,company_id,address,city,price_range) VALUES (41,20,'0 Pawling Trail','Houmt Souk','$$$$');
INSERT INTO RestaurantLocation(location_id,company_id,address,city,price_range) VALUES (42,37,'6881 Bartelt Junction','Norak','$');
INSERT INTO RestaurantLocation(location_id,company_id,address,city,price_range) VALUES (43,39,'5 Reindahl Drive','Yaosai','$$$');
INSERT INTO RestaurantLocation(location_id,company_id,address,city,price_range) VALUES (44,6,'7427 East Alley','Okanagan','$$$');
INSERT INTO RestaurantLocation(location_id,company_id,address,city,price_range) VALUES (45,27,'223 Oak Terrace','Desa Baregbeg','$$$$');
INSERT INTO RestaurantLocation(location_id,company_id,address,city,price_range) VALUES (46,6,'7692 Sommers Crossing','Shawnee Mission','$$$$');
INSERT INTO RestaurantLocation(location_id,company_id,address,city,price_range) VALUES (47,18,'66 Sage Trail','Bintang','$');
INSERT INTO RestaurantLocation(location_id,company_id,address,city,price_range) VALUES (48,37,'664 Goodland Park','Cidahu','$$$$');
INSERT INTO RestaurantLocation(location_id,company_id,address,city,price_range) VALUES (49,23,'0708 Melrose Terrace','Strogino','$');
INSERT INTO RestaurantLocation(location_id,company_id,address,city,price_range) VALUES (50,37,'5 Northport Alley','Xiongchi','$$');
INSERT INTO RestaurantLocation(location_id,company_id,address,city,price_range) VALUES (51,8,'84813 Mayfield Park','Kamárai','$');
INSERT INTO RestaurantLocation(location_id,company_id,address,city,price_range) VALUES (52,35,'42140 Clyde Gallagher Avenue','Kudusan','$$');
INSERT INTO RestaurantLocation(location_id,company_id,address,city,price_range) VALUES (53,1,'7005 Cody Parkway','Pangalangan','$$$$');
INSERT INTO RestaurantLocation(location_id,company_id,address,city,price_range) VALUES (54,16,'68 Cambridge Place','Wenshao','$$$$');
INSERT INTO RestaurantLocation(location_id,company_id,address,city,price_range) VALUES (55,34,'758 Merchant Junction','Menzel Abderhaman','$');
INSERT INTO RestaurantLocation(location_id,company_id,address,city,price_range) VALUES (56,10,'9 Lyons Hill','Beishan','$$$$');
INSERT INTO RestaurantLocation(location_id,company_id,address,city,price_range) VALUES (57,30,'3027 Bunker Hill Trail','Lagunas','$$$');
INSERT INTO RestaurantLocation(location_id,company_id,address,city,price_range) VALUES (58,25,'1510 Sauthoff Crossing','Nerópolis','$');
INSERT INTO RestaurantLocation(location_id,company_id,address,city,price_range) VALUES (59,20,'0469 Superior Street','Bečmen','$$');
INSERT INTO RestaurantLocation(location_id,company_id,address,city,price_range) VALUES (60,30,'304 Fairfield Point','Velventós','$$$$');
INSERT INTO RestaurantLocation(location_id,company_id,address,city,price_range) VALUES (61,4,'79381 Gulseth Point','Nuevo Arraiján','$');
INSERT INTO RestaurantLocation(location_id,company_id,address,city,price_range) VALUES (62,1,'54649 School Trail','Baisha','$$$$');
INSERT INTO RestaurantLocation(location_id,company_id,address,city,price_range) VALUES (63,36,'8672 Nancy Drive','Ōkuchi','$');
INSERT INTO RestaurantLocation(location_id,company_id,address,city,price_range) VALUES (64,14,'270 Laurel Circle','Kabar Utara','$$$$');
INSERT INTO RestaurantLocation(location_id,company_id,address,city,price_range) VALUES (65,22,'13 Holmberg Plaza','Lobuni','$');
INSERT INTO RestaurantLocation(location_id,company_id,address,city,price_range) VALUES (66,36,'0 Eagle Crest Trail','Marigot','$$$');
INSERT INTO RestaurantLocation(location_id,company_id,address,city,price_range) VALUES (67,33,'07583 5th Circle','Tirtopuro','$$');
INSERT INTO RestaurantLocation(location_id,company_id,address,city,price_range) VALUES (68,10,'37965 Tomscot Drive','Rezh','$$$');
INSERT INTO RestaurantLocation(location_id,company_id,address,city,price_range) VALUES (69,40,'046 Tony Pass','Dolna Banya','$$$$');
INSERT INTO RestaurantLocation(location_id,company_id,address,city,price_range) VALUES (70,17,'810 Brickson Park Avenue','Pescadería','$$$');

-- CATEGORY (food, service, etc.)

INSERT INTO Category(category_id,name) VALUES (1,'pay');
INSERT INTO Category(category_id,name) VALUES (2,'management');
INSERT INTO Category(category_id,name) VALUES (3,'work-life balance');
INSERT INTO Category(category_id,name) VALUES (4,'oveall');
INSERT INTO Category(category_id,name) VALUES (5,'food');
INSERT INTO Category(category_id,name) VALUES (6,'$$$');
INSERT INTO Category(category_id,name) VALUES (7,'service');

-- CUSTOMER REVIEW

INSERT INTO CustomerReview(review_id,user_id,location_id,review_text,review_date) VALUES (1,'USR-6527','Checchi','The ambiance was fantastic.','3/9/2026');
INSERT INTO CustomerReview(review_id,user_id,location_id,review_text,review_date) VALUES (2,'USR-3898','Brookhouse','food was mediocre.','11/1/2025');
INSERT INTO CustomerReview(review_id,user_id,location_id,review_text,review_date) VALUES (3,'USR-2322','Battaille','Not worth the price','5/24/2025');
INSERT INTO CustomerReview(review_id,user_id,location_id,review_text,review_date) VALUES (4,'USR-4049','Janoschek','The ambiance was fantastic.','3/25/2026');
INSERT INTO CustomerReview(review_id,user_id,location_id,review_text,review_date) VALUES (5,'USR-9368','Brand-Hardy','Great food and service!','10/19/2025');
INSERT INTO CustomerReview(review_id,user_id,location_id,review_text,review_date) VALUES (6,'USR-5714','Cayley','Great food and service!','7/29/2025');
INSERT INTO CustomerReview(review_id,user_id,location_id,review_text,review_date) VALUES (7,'USR-7551','Ramble','The ambiance was fantastic.','5/29/2024');
INSERT INTO CustomerReview(review_id,user_id,location_id,review_text,review_date) VALUES (8,'USR-8050','Van Arsdalen','food was mediocre.','11/10/2024');
INSERT INTO CustomerReview(review_id,user_id,location_id,review_text,review_date) VALUES (9,'USR-7132','Moquin','Not worth the price','12/27/2025');
INSERT INTO CustomerReview(review_id,user_id,location_id,review_text,review_date) VALUES (10,'USR-4868','Ratt','Would definitely recommend this place!','6/14/2024');
INSERT INTO CustomerReview(review_id,user_id,location_id,review_text,review_date) VALUES (11,'USR-7538','Peotz','Great food and service!','9/11/2025');
INSERT INTO CustomerReview(review_id,user_id,location_id,review_text,review_date) VALUES (12,'USR-7396','Sterry','The ambiance was fantastic.','3/2/2026');
INSERT INTO CustomerReview(review_id,user_id,location_id,review_text,review_date) VALUES (13,'USR-3779','Gloyens','food was mediocre.','10/31/2025');
INSERT INTO CustomerReview(review_id,user_id,location_id,review_text,review_date) VALUES (14,'USR-7040','Valenti','Not worth the price','12/11/2024');
INSERT INTO CustomerReview(review_id,user_id,location_id,review_text,review_date) VALUES (15,'USR-9890','Romain','food was mediocre.','5/25/2024');
INSERT INTO CustomerReview(review_id,user_id,location_id,review_text,review_date) VALUES (16,'USR-3702','Leyfield','Not worth the price','3/30/2026');
INSERT INTO CustomerReview(review_id,user_id,location_id,review_text,review_date) VALUES (17,'USR-2469','Clamp','food was mediocre.','9/26/2025');
INSERT INTO CustomerReview(review_id,user_id,location_id,review_text,review_date) VALUES (18,'USR-0348','Rosita','Great food and service!','9/20/2024');
INSERT INTO CustomerReview(review_id,user_id,location_id,review_text,review_date) VALUES (19,'USR-7006','Dehm','food was mediocre.','4/16/2026');
INSERT INTO CustomerReview(review_id,user_id,location_id,review_text,review_date) VALUES (20,'USR-4201','Tookey','food was mediocre.','5/16/2025');
INSERT INTO CustomerReview(review_id,user_id,location_id,review_text,review_date) VALUES (21,'USR-7719','Scamaden','Not worth the price','12/12/2025');
INSERT INTO CustomerReview(review_id,user_id,location_id,review_text,review_date) VALUES (22,'USR-8454','Ahern','Great food and service!','6/11/2024');
INSERT INTO CustomerReview(review_id,user_id,location_id,review_text,review_date) VALUES (23,'USR-4125','Boughtflower','Great food and service!','3/3/2025');
INSERT INTO CustomerReview(review_id,user_id,location_id,review_text,review_date) VALUES (24,'USR-2710','Bradtke','food was mediocre.','5/31/2024');
INSERT INTO CustomerReview(review_id,user_id,location_id,review_text,review_date) VALUES (25,'USR-3979','Brombell','food was mediocre.','8/31/2024');
INSERT INTO CustomerReview(review_id,user_id,location_id,review_text,review_date) VALUES (26,'USR-2177','Basden','The ambiance was fantastic.','12/31/2025');
INSERT INTO CustomerReview(review_id,user_id,location_id,review_text,review_date) VALUES (27,'USR-4552','Croizier','Great food and service!','7/18/2025');
INSERT INTO CustomerReview(review_id,user_id,location_id,review_text,review_date) VALUES (28,'USR-7658','Philimore','Great food and service!','6/20/2025');
INSERT INTO CustomerReview(review_id,user_id,location_id,review_text,review_date) VALUES (29,'USR-7743','Gaylord','The ambiance was fantastic.','3/31/2025');
INSERT INTO CustomerReview(review_id,user_id,location_id,review_text,review_date) VALUES (30,'USR-1613','Rowston','Would definitely recommend this place!','4/14/2025');
INSERT INTO CustomerReview(review_id,user_id,location_id,review_text,review_date) VALUES (31,'USR-8010','Kareman','The ambiance was fantastic.','3/28/2026');
INSERT INTO CustomerReview(review_id,user_id,location_id,review_text,review_date) VALUES (32,'USR-1601','Pringuer','The ambiance was fantastic.','6/13/2024');
INSERT INTO CustomerReview(review_id,user_id,location_id,review_text,review_date) VALUES (33,'USR-1931','Caurah','food was mediocre.','11/10/2024');
INSERT INTO CustomerReview(review_id,user_id,location_id,review_text,review_date) VALUES (34,'USR-0372','Padly','Great food and service!','6/6/2025');
INSERT INTO CustomerReview(review_id,user_id,location_id,review_text,review_date) VALUES (35,'USR-1625','Latter','The ambiance was fantastic.','3/26/2026');
INSERT INTO CustomerReview(review_id,user_id,location_id,review_text,review_date) VALUES (36,'USR-9966','Orrin','Not worth the price','3/21/2025');
INSERT INTO CustomerReview(review_id,user_id,location_id,review_text,review_date) VALUES (37,'USR-2560','Quaif','food was mediocre.','7/21/2024');
INSERT INTO CustomerReview(review_id,user_id,location_id,review_text,review_date) VALUES (38,'USR-6347','Scammonden','Great food and service!','10/3/2025');
INSERT INTO CustomerReview(review_id,user_id,location_id,review_text,review_date) VALUES (39,'USR-3787','Jaggers','food was mediocre.','1/25/2026');
INSERT INTO CustomerReview(review_id,user_id,location_id,review_text,review_date) VALUES (40,'USR-8964','Eby','Would definitely recommend this place!','8/31/2025');
INSERT INTO CustomerReview(review_id,user_id,location_id,review_text,review_date) VALUES (41,'USR-8166','Adamoli','Would definitely recommend this place!','5/11/2024');
INSERT INTO CustomerReview(review_id,user_id,location_id,review_text,review_date) VALUES (42,'USR-0938','Braunstein','Great food and service!','12/25/2025');
INSERT INTO CustomerReview(review_id,user_id,location_id,review_text,review_date) VALUES (43,'USR-0543','Elphinstone','Great food and service!','3/10/2025');
INSERT INTO CustomerReview(review_id,user_id,location_id,review_text,review_date) VALUES (44,'USR-8463','Mingay','The ambiance was fantastic.','7/27/2024');
INSERT INTO CustomerReview(review_id,user_id,location_id,review_text,review_date) VALUES (45,'USR-1233','Amburgy','Not worth the price','5/16/2024');
INSERT INTO CustomerReview(review_id,user_id,location_id,review_text,review_date) VALUES (46,'USR-0259','Dubber','Not worth the price','5/4/2025');
INSERT INTO CustomerReview(review_id,user_id,location_id,review_text,review_date) VALUES (47,'USR-8442','Sullly','food was mediocre.','4/15/2025');
INSERT INTO CustomerReview(review_id,user_id,location_id,review_text,review_date) VALUES (48,'USR-9248','Kyneton','Would definitely recommend this place!','9/1/2025');
INSERT INTO CustomerReview(review_id,user_id,location_id,review_text,review_date) VALUES (49,'USR-6240','Burrel','Not worth the price','12/26/2024');
INSERT INTO CustomerReview(review_id,user_id,location_id,review_text,review_date) VALUES (50,'USR-9901','Niblock','Great food and service!','1/16/2026');
INSERT INTO CustomerReview(review_id,user_id,location_id,review_text,review_date) VALUES (51,'USR-2544','Tolman','The ambiance was fantastic.','6/3/2024');
INSERT INTO CustomerReview(review_id,user_id,location_id,review_text,review_date) VALUES (52,'USR-0906','McGarrie','The ambiance was fantastic.','3/15/2026');
INSERT INTO CustomerReview(review_id,user_id,location_id,review_text,review_date) VALUES (53,'USR-9730','Lusk','Would definitely recommend this place!','8/25/2024');
INSERT INTO CustomerReview(review_id,user_id,location_id,review_text,review_date) VALUES (54,'USR-7732','Tathacott','food was mediocre.','8/23/2024');
INSERT INTO CustomerReview(review_id,user_id,location_id,review_text,review_date) VALUES (55,'USR-4540','Pine','Great food and service!','10/28/2024');
INSERT INTO CustomerReview(review_id,user_id,location_id,review_text,review_date) VALUES (56,'USR-5524','Capozzi','Great food and service!','8/5/2024');
INSERT INTO CustomerReview(review_id,user_id,location_id,review_text,review_date) VALUES (57,'USR-5082','Kristoffersson','Not worth the price','5/20/2025');
INSERT INTO CustomerReview(review_id,user_id,location_id,review_text,review_date) VALUES (58,'USR-3541','Stych','food was mediocre.','9/10/2025');
INSERT INTO CustomerReview(review_id,user_id,location_id,review_text,review_date) VALUES (59,'USR-9169','Crouse','Not worth the price','7/9/2024');
INSERT INTO CustomerReview(review_id,user_id,location_id,review_text,review_date) VALUES (60,'USR-4669','Kerswell','Great food and service!','1/12/2026');
INSERT INTO CustomerReview(review_id,user_id,location_id,review_text,review_date) VALUES (61,'USR-2172','Bennion','food was mediocre.','4/2/2024');
INSERT INTO CustomerReview(review_id,user_id,location_id,review_text,review_date) VALUES (62,'USR-2827','Swiffin','Great food and service!','3/18/2025');
INSERT INTO CustomerReview(review_id,user_id,location_id,review_text,review_date) VALUES (63,'USR-1875','Jennions','Would definitely recommend this place!','12/27/2024');
INSERT INTO CustomerReview(review_id,user_id,location_id,review_text,review_date) VALUES (64,'USR-1277','Hegg','The ambiance was fantastic.','12/25/2024');
INSERT INTO CustomerReview(review_id,user_id,location_id,review_text,review_date) VALUES (65,'USR-4345','Stocking','Great food and service!','10/19/2025');
INSERT INTO CustomerReview(review_id,user_id,location_id,review_text,review_date) VALUES (66,'USR-0975','Wylam','The ambiance was fantastic.','4/6/2024');
INSERT INTO CustomerReview(review_id,user_id,location_id,review_text,review_date) VALUES (67,'USR-2891','Cicccitti','Great food and service!','8/2/2024');
INSERT INTO CustomerReview(review_id,user_id,location_id,review_text,review_date) VALUES (68,'USR-9447','Sieb','Not worth the price','6/30/2025');
INSERT INTO CustomerReview(review_id,user_id,location_id,review_text,review_date) VALUES (69,'USR-9305','Britian','Not worth the price','6/10/2024');
INSERT INTO CustomerReview(review_id,user_id,location_id,review_text,review_date) VALUES (70,'USR-1655','Siflet','The ambiance was fantastic.','12/9/2024');

-- REVIEW RATINGS (per category)

INSERT INTO Rating(rating_id,review_id,category_id,score) VALUES (1,57,6,2);
INSERT INTO Rating(rating_id,review_id,category_id,score) VALUES (2,20,7,3);
INSERT INTO Rating(rating_id,review_id,category_id,score) VALUES (3,2,7,4);
INSERT INTO Rating(rating_id,review_id,category_id,score) VALUES (4,5,3,3);
INSERT INTO Rating(rating_id,review_id,category_id,score) VALUES (5,68,5,5);
INSERT INTO Rating(rating_id,review_id,category_id,score) VALUES (6,21,2,2);
INSERT INTO Rating(rating_id,review_id,category_id,score) VALUES (7,70,6,2);
INSERT INTO Rating(rating_id,review_id,category_id,score) VALUES (8,10,6,1);
INSERT INTO Rating(rating_id,review_id,category_id,score) VALUES (9,26,4,3);
INSERT INTO Rating(rating_id,review_id,category_id,score) VALUES (10,41,2,5);
INSERT INTO Rating(rating_id,review_id,category_id,score) VALUES (11,53,2,2);
INSERT INTO Rating(rating_id,review_id,category_id,score) VALUES (12,56,2,1);
INSERT INTO Rating(rating_id,review_id,category_id,score) VALUES (13,44,6,2);
INSERT INTO Rating(rating_id,review_id,category_id,score) VALUES (14,43,4,3);
INSERT INTO Rating(rating_id,review_id,category_id,score) VALUES (15,15,2,4);
INSERT INTO Rating(rating_id,review_id,category_id,score) VALUES (16,22,2,4);
INSERT INTO Rating(rating_id,review_id,category_id,score) VALUES (17,65,6,4);
INSERT INTO Rating(rating_id,review_id,category_id,score) VALUES (18,35,2,1);
INSERT INTO Rating(rating_id,review_id,category_id,score) VALUES (19,22,1,3);
INSERT INTO Rating(rating_id,review_id,category_id,score) VALUES (20,7,4,1);
INSERT INTO Rating(rating_id,review_id,category_id,score) VALUES (21,56,5,2);
INSERT INTO Rating(rating_id,review_id,category_id,score) VALUES (22,56,5,3);
INSERT INTO Rating(rating_id,review_id,category_id,score) VALUES (23,42,1,5);
INSERT INTO Rating(rating_id,review_id,category_id,score) VALUES (24,42,1,5);
INSERT INTO Rating(rating_id,review_id,category_id,score) VALUES (25,12,6,2);
INSERT INTO Rating(rating_id,review_id,category_id,score) VALUES (26,59,3,1);
INSERT INTO Rating(rating_id,review_id,category_id,score) VALUES (27,36,4,3);
INSERT INTO Rating(rating_id,review_id,category_id,score) VALUES (28,62,1,4);
INSERT INTO Rating(rating_id,review_id,category_id,score) VALUES (29,49,7,2);
INSERT INTO Rating(rating_id,review_id,category_id,score) VALUES (30,55,2,3);
INSERT INTO Rating(rating_id,review_id,category_id,score) VALUES (31,41,6,4);
INSERT INTO Rating(rating_id,review_id,category_id,score) VALUES (32,47,2,4);
INSERT INTO Rating(rating_id,review_id,category_id,score) VALUES (33,57,6,3);
INSERT INTO Rating(rating_id,review_id,category_id,score) VALUES (34,45,3,4);
INSERT INTO Rating(rating_id,review_id,category_id,score) VALUES (35,8,7,4);
INSERT INTO Rating(rating_id,review_id,category_id,score) VALUES (36,68,7,1);
INSERT INTO Rating(rating_id,review_id,category_id,score) VALUES (37,31,6,3);
INSERT INTO Rating(rating_id,review_id,category_id,score) VALUES (38,62,3,5);
INSERT INTO Rating(rating_id,review_id,category_id,score) VALUES (39,42,7,3);
INSERT INTO Rating(rating_id,review_id,category_id,score) VALUES (40,57,1,5);
INSERT INTO Rating(rating_id,review_id,category_id,score) VALUES (41,33,3,1);
INSERT INTO Rating(rating_id,review_id,category_id,score) VALUES (42,56,6,2);
INSERT INTO Rating(rating_id,review_id,category_id,score) VALUES (43,16,1,5);
INSERT INTO Rating(rating_id,review_id,category_id,score) VALUES (44,17,4,1);
INSERT INTO Rating(rating_id,review_id,category_id,score) VALUES (45,5,6,3);
INSERT INTO Rating(rating_id,review_id,category_id,score) VALUES (46,38,5,5);
INSERT INTO Rating(rating_id,review_id,category_id,score) VALUES (47,66,1,2);
INSERT INTO Rating(rating_id,review_id,category_id,score) VALUES (48,6,1,3);
INSERT INTO Rating(rating_id,review_id,category_id,score) VALUES (49,3,2,5);
INSERT INTO Rating(rating_id,review_id,category_id,score) VALUES (50,26,2,2);
INSERT INTO Rating(rating_id,review_id,category_id,score) VALUES (51,39,3,2);
INSERT INTO Rating(rating_id,review_id,category_id,score) VALUES (52,2,1,2);
INSERT INTO Rating(rating_id,review_id,category_id,score) VALUES (53,43,1,1);
INSERT INTO Rating(rating_id,review_id,category_id,score) VALUES (54,5,6,5);
INSERT INTO Rating(rating_id,review_id,category_id,score) VALUES (55,17,6,1);
INSERT INTO Rating(rating_id,review_id,category_id,score) VALUES (56,1,3,1);
INSERT INTO Rating(rating_id,review_id,category_id,score) VALUES (57,21,2,3);
INSERT INTO Rating(rating_id,review_id,category_id,score) VALUES (58,70,6,5);
INSERT INTO Rating(rating_id,review_id,category_id,score) VALUES (59,11,3,5);
INSERT INTO Rating(rating_id,review_id,category_id,score) VALUES (60,53,7,4);
INSERT INTO Rating(rating_id,review_id,category_id,score) VALUES (61,4,6,2);
INSERT INTO Rating(rating_id,review_id,category_id,score) VALUES (62,32,6,3);
INSERT INTO Rating(rating_id,review_id,category_id,score) VALUES (63,20,4,4);
INSERT INTO Rating(rating_id,review_id,category_id,score) VALUES (64,38,2,5);
INSERT INTO Rating(rating_id,review_id,category_id,score) VALUES (65,64,7,3);
INSERT INTO Rating(rating_id,review_id,category_id,score) VALUES (66,15,4,2);
INSERT INTO Rating(rating_id,review_id,category_id,score) VALUES (67,17,2,5);
INSERT INTO Rating(rating_id,review_id,category_id,score) VALUES (68,51,1,4);
INSERT INTO Rating(rating_id,review_id,category_id,score) VALUES (69,68,4,5);
INSERT INTO Rating(rating_id,review_id,category_id,score) VALUES (70,25,2,4);
INSERT INTO Rating(rating_id,review_id,category_id,score) VALUES (71,55,1,1);
INSERT INTO Rating(rating_id,review_id,category_id,score) VALUES (72,3,1,4);
INSERT INTO Rating(rating_id,review_id,category_id,score) VALUES (73,62,6,5);
INSERT INTO Rating(rating_id,review_id,category_id,score) VALUES (74,51,1,4);
INSERT INTO Rating(rating_id,review_id,category_id,score) VALUES (75,1,3,5);
INSERT INTO Rating(rating_id,review_id,category_id,score) VALUES (76,14,7,2);
INSERT INTO Rating(rating_id,review_id,category_id,score) VALUES (77,17,7,1);
INSERT INTO Rating(rating_id,review_id,category_id,score) VALUES (78,68,3,4);
INSERT INTO Rating(rating_id,review_id,category_id,score) VALUES (79,16,5,5);
INSERT INTO Rating(rating_id,review_id,category_id,score) VALUES (80,32,1,2);
INSERT INTO Rating(rating_id,review_id,category_id,score) VALUES (81,53,4,4);
INSERT INTO Rating(rating_id,review_id,category_id,score) VALUES (82,70,6,3);
INSERT INTO Rating(rating_id,review_id,category_id,score) VALUES (83,49,3,2);
INSERT INTO Rating(rating_id,review_id,category_id,score) VALUES (84,21,2,2);
INSERT INTO Rating(rating_id,review_id,category_id,score) VALUES (85,59,1,5);
INSERT INTO Rating(rating_id,review_id,category_id,score) VALUES (86,1,7,4);
INSERT INTO Rating(rating_id,review_id,category_id,score) VALUES (87,66,7,2);
INSERT INTO Rating(rating_id,review_id,category_id,score) VALUES (88,55,5,2);
INSERT INTO Rating(rating_id,review_id,category_id,score) VALUES (89,63,4,1);
INSERT INTO Rating(rating_id,review_id,category_id,score) VALUES (90,28,1,3);
INSERT INTO Rating(rating_id,review_id,category_id,score) VALUES (91,31,1,3);
INSERT INTO Rating(rating_id,review_id,category_id,score) VALUES (92,15,1,4);
INSERT INTO Rating(rating_id,review_id,category_id,score) VALUES (93,64,7,5);
INSERT INTO Rating(rating_id,review_id,category_id,score) VALUES (94,29,3,3);
INSERT INTO Rating(rating_id,review_id,category_id,score) VALUES (95,24,6,3);
INSERT INTO Rating(rating_id,review_id,category_id,score) VALUES (96,63,3,2);
INSERT INTO Rating(rating_id,review_id,category_id,score) VALUES (97,62,6,2);
INSERT INTO Rating(rating_id,review_id,category_id,score) VALUES (98,6,7,5);
INSERT INTO Rating(rating_id,review_id,category_id,score) VALUES (99,31,4,2);
INSERT INTO Rating(rating_id,review_id,category_id,score) VALUES (100,67,6,4);
INSERT INTO Rating(rating_id,review_id,category_id,score) VALUES (101,33,4,3);
INSERT INTO Rating(rating_id,review_id,category_id,score) VALUES (102,22,5,2);
INSERT INTO Rating(rating_id,review_id,category_id,score) VALUES (103,2,2,2);
INSERT INTO Rating(rating_id,review_id,category_id,score) VALUES (104,50,1,3);
INSERT INTO Rating(rating_id,review_id,category_id,score) VALUES (105,68,4,2);
INSERT INTO Rating(rating_id,review_id,category_id,score) VALUES (106,56,3,1);
INSERT INTO Rating(rating_id,review_id,category_id,score) VALUES (107,62,1,5);
INSERT INTO Rating(rating_id,review_id,category_id,score) VALUES (108,68,7,5);
INSERT INTO Rating(rating_id,review_id,category_id,score) VALUES (109,20,7,2);
INSERT INTO Rating(rating_id,review_id,category_id,score) VALUES (110,41,7,3);
INSERT INTO Rating(rating_id,review_id,category_id,score) VALUES (111,36,6,1);
INSERT INTO Rating(rating_id,review_id,category_id,score) VALUES (112,31,6,2);
INSERT INTO Rating(rating_id,review_id,category_id,score) VALUES (113,3,4,3);
INSERT INTO Rating(rating_id,review_id,category_id,score) VALUES (114,54,7,2);
INSERT INTO Rating(rating_id,review_id,category_id,score) VALUES (115,67,1,2);
INSERT INTO Rating(rating_id,review_id,category_id,score) VALUES (116,46,2,4);
INSERT INTO Rating(rating_id,review_id,category_id,score) VALUES (117,27,1,3);
INSERT INTO Rating(rating_id,review_id,category_id,score) VALUES (118,70,7,5);
INSERT INTO Rating(rating_id,review_id,category_id,score) VALUES (119,43,2,1);
INSERT INTO Rating(rating_id,review_id,category_id,score) VALUES (120,48,1,2);
INSERT INTO Rating(rating_id,review_id,category_id,score) VALUES (121,12,6,4);
INSERT INTO Rating(rating_id,review_id,category_id,score) VALUES (122,11,6,2);
INSERT INTO Rating(rating_id,review_id,category_id,score) VALUES (123,10,1,1);
INSERT INTO Rating(rating_id,review_id,category_id,score) VALUES (124,68,3,3);
INSERT INTO Rating(rating_id,review_id,category_id,score) VALUES (125,13,4,2);
INSERT INTO Rating(rating_id,review_id,category_id,score) VALUES (126,40,1,4);
INSERT INTO Rating(rating_id,review_id,category_id,score) VALUES (127,32,7,3);
INSERT INTO Rating(rating_id,review_id,category_id,score) VALUES (128,60,5,2);
INSERT INTO Rating(rating_id,review_id,category_id,score) VALUES (129,50,6,3);
INSERT INTO Rating(rating_id,review_id,category_id,score) VALUES (130,70,6,1);
INSERT INTO Rating(rating_id,review_id,category_id,score) VALUES (131,12,1,2);
INSERT INTO Rating(rating_id,review_id,category_id,score) VALUES (132,18,1,3);
INSERT INTO Rating(rating_id,review_id,category_id,score) VALUES (133,26,1,2);
INSERT INTO Rating(rating_id,review_id,category_id,score) VALUES (134,20,3,1);
INSERT INTO Rating(rating_id,review_id,category_id,score) VALUES (135,64,6,5);
INSERT INTO Rating(rating_id,review_id,category_id,score) VALUES (136,3,1,2);
INSERT INTO Rating(rating_id,review_id,category_id,score) VALUES (137,59,3,3);
INSERT INTO Rating(rating_id,review_id,category_id,score) VALUES (138,1,2,5);
INSERT INTO Rating(rating_id,review_id,category_id,score) VALUES (139,41,5,3);
INSERT INTO Rating(rating_id,review_id,category_id,score) VALUES (140,14,2,4);
INSERT INTO Rating(rating_id,review_id,category_id,score) VALUES (141,38,5,5);
INSERT INTO Rating(rating_id,review_id,category_id,score) VALUES (142,22,3,5);
INSERT INTO Rating(rating_id,review_id,category_id,score) VALUES (143,60,2,2);
INSERT INTO Rating(rating_id,review_id,category_id,score) VALUES (144,58,4,4);
INSERT INTO Rating(rating_id,review_id,category_id,score) VALUES (145,41,2,1);
INSERT INTO Rating(rating_id,review_id,category_id,score) VALUES (146,55,5,2);
INSERT INTO Rating(rating_id,review_id,category_id,score) VALUES (147,35,6,2);
INSERT INTO Rating(rating_id,review_id,category_id,score) VALUES (148,44,1,4);
INSERT INTO Rating(rating_id,review_id,category_id,score) VALUES (149,1,2,1);
INSERT INTO Rating(rating_id,review_id,category_id,score) VALUES (150,22,2,2);

-- EMPLOYEE REVIEW

INSERT INTO EmployeeReview(emp_review_id,user_id,location_id,review_text,review_date) VALUES (1,22,10,'making my job easier.','2/12/2026');
INSERT INTO EmployeeReview(emp_review_id,user_id,location_id,review_text,review_date) VALUES (2,1,15,'The customers were patient and understanding','9/2/2025');
INSERT INTO EmployeeReview(emp_review_id,user_id,location_id,review_text,review_date) VALUES (3,34,54,'The customers were patient and understanding','9/1/2025');
INSERT INTO EmployeeReview(emp_review_id,user_id,location_id,review_text,review_date) VALUES (4,2,55,'I had a great time interacting with the customers and providing top-notch service.','10/1/2025');
INSERT INTO EmployeeReview(emp_review_id,user_id,location_id,review_text,review_date) VALUES (5,9,12,'The atmosphere was cozy and welcoming.','7/25/2025');
INSERT INTO EmployeeReview(emp_review_id,user_id,location_id,review_text,review_date) VALUES (6,33,10,'The food was delicious and the customers were very friendly.','9/19/2025');
INSERT INTO EmployeeReview(emp_review_id,user_id,location_id,review_text,review_date) VALUES (7,30,20,'The restaurant was busy but I managed to keep up with all the orders and requests.','3/30/2026');
INSERT INTO EmployeeReview(emp_review_id,user_id,location_id,review_text,review_date) VALUES (8,33,5,'I enjoyed working with my team to ensure a smooth dining experience for the customers.','6/10/2025');
INSERT INTO EmployeeReview(emp_review_id,user_id,location_id,review_text,review_date) VALUES (9,28,37,'I enjoyed working with my team to ensure a smooth dining experience for the customers.','3/18/2026');
INSERT INTO EmployeeReview(emp_review_id,user_id,location_id,review_text,review_date) VALUES (10,10,28,'I had a great time interacting with the customers and providing top-notch service.','3/21/2026');
INSERT INTO EmployeeReview(emp_review_id,user_id,location_id,review_text,review_date) VALUES (11,40,70,'I had a great time interacting with the customers and providing top-notch service.','1/24/2026');
INSERT INTO EmployeeReview(emp_review_id,user_id,location_id,review_text,review_date) VALUES (12,11,29,'The food was delicious and the customers were very friendly.','9/11/2025');
INSERT INTO EmployeeReview(emp_review_id,user_id,location_id,review_text,review_date) VALUES (13,14,26,'I had a great time interacting with the customers and providing top-notch service.','9/4/2025');
INSERT INTO EmployeeReview(emp_review_id,user_id,location_id,review_text,review_date) VALUES (14,29,24,'I received positive feedback from the customers about the food and service.','6/20/2025');
INSERT INTO EmployeeReview(emp_review_id,user_id,location_id,review_text,review_date) VALUES (15,17,22,'The atmosphere was cozy and welcoming.','5/5/2025');
INSERT INTO EmployeeReview(emp_review_id,user_id,location_id,review_text,review_date) VALUES (16,31,28,'The restaurant was busy but I managed to keep up with all the orders and requests.','11/25/2025');
INSERT INTO EmployeeReview(emp_review_id,user_id,location_id,review_text,review_date) VALUES (17,37,51,'The customers were patient and understanding','3/18/2026');
INSERT INTO EmployeeReview(emp_review_id,user_id,location_id,review_text,review_date) VALUES (18,29,59,'I enjoyed working with my team to ensure a smooth dining experience for the customers.','10/30/2025');
INSERT INTO EmployeeReview(emp_review_id,user_id,location_id,review_text,review_date) VALUES (19,32,7,'I received positive feedback from the customers about the food and service.','9/3/2025');
INSERT INTO EmployeeReview(emp_review_id,user_id,location_id,review_text,review_date) VALUES (20,26,68,'I received positive feedback from the customers about the food and service.','2/18/2026');
INSERT INTO EmployeeReview(emp_review_id,user_id,location_id,review_text,review_date) VALUES (21,10,19,'The service was excellent and the customers seemed to enjoy their meals.','2/6/2026');
INSERT INTO EmployeeReview(emp_review_id,user_id,location_id,review_text,review_date) VALUES (22,36,8,'The atmosphere was cozy and welcoming.','8/19/2025');
INSERT INTO EmployeeReview(emp_review_id,user_id,location_id,review_text,review_date) VALUES (23,21,11,'making my job easier.','3/2/2026');
INSERT INTO EmployeeReview(emp_review_id,user_id,location_id,review_text,review_date) VALUES (24,28,47,'The customers were patient and understanding','12/15/2025');
INSERT INTO EmployeeReview(emp_review_id,user_id,location_id,review_text,review_date) VALUES (25,2,31,'I had a great time interacting with the customers and providing top-notch service.','3/11/2026');
INSERT INTO EmployeeReview(emp_review_id,user_id,location_id,review_text,review_date) VALUES (26,18,47,'The food was delicious and the customers were very friendly.','1/23/2026');
INSERT INTO EmployeeReview(emp_review_id,user_id,location_id,review_text,review_date) VALUES (27,23,24,'I felt proud of the quality of service I was able to deliver to the customers.','11/9/2025');
INSERT INTO EmployeeReview(emp_review_id,user_id,location_id,review_text,review_date) VALUES (28,33,32,'The service was excellent and the customers seemed to enjoy their meals.','5/22/2025');
INSERT INTO EmployeeReview(emp_review_id,user_id,location_id,review_text,review_date) VALUES (29,7,52,'I felt proud of the quality of service I was able to deliver to the customers.','3/28/2026');
INSERT INTO EmployeeReview(emp_review_id,user_id,location_id,review_text,review_date) VALUES (30,10,26,'The service was excellent and the customers seemed to enjoy their meals.','5/6/2025');
INSERT INTO EmployeeReview(emp_review_id,user_id,location_id,review_text,review_date) VALUES (31,2,27,'The customers were appreciative of the recommendations I provided for their meals.','3/9/2026');
INSERT INTO EmployeeReview(emp_review_id,user_id,location_id,review_text,review_date) VALUES (32,40,56,'I enjoyed working with my team to ensure a smooth dining experience for the customers.','6/4/2025');
INSERT INTO EmployeeReview(emp_review_id,user_id,location_id,review_text,review_date) VALUES (33,30,18,'I felt proud of the quality of service I was able to deliver to the customers.','8/19/2025');
INSERT INTO EmployeeReview(emp_review_id,user_id,location_id,review_text,review_date) VALUES (34,36,53,'I felt proud of the quality of service I was able to deliver to the customers.','7/2/2025');
INSERT INTO EmployeeReview(emp_review_id,user_id,location_id,review_text,review_date) VALUES (35,30,65,'I enjoyed working with my team to ensure a smooth dining experience for the customers.','10/9/2025');
INSERT INTO EmployeeReview(emp_review_id,user_id,location_id,review_text,review_date) VALUES (36,16,43,'The service was excellent and the customers seemed to enjoy their meals.','6/4/2025');
INSERT INTO EmployeeReview(emp_review_id,user_id,location_id,review_text,review_date) VALUES (37,15,21,'I had a great time interacting with the customers and providing top-notch service.','12/6/2025');
INSERT INTO EmployeeReview(emp_review_id,user_id,location_id,review_text,review_date) VALUES (38,23,11,'The atmosphere was cozy and welcoming.','8/4/2025');
INSERT INTO EmployeeReview(emp_review_id,user_id,location_id,review_text,review_date) VALUES (39,8,51,'making my job easier.','5/16/2025');
INSERT INTO EmployeeReview(emp_review_id,user_id,location_id,review_text,review_date) VALUES (40,18,13,'I felt proud of the quality of service I was able to deliver to the customers.','7/14/2025');
INSERT INTO EmployeeReview(emp_review_id,user_id,location_id,review_text,review_date) VALUES (41,27,40,'The service was excellent and the customers seemed to enjoy their meals.','1/28/2026');
INSERT INTO EmployeeReview(emp_review_id,user_id,location_id,review_text,review_date) VALUES (42,14,55,'The atmosphere was cozy and welcoming.','12/15/2025');
INSERT INTO EmployeeReview(emp_review_id,user_id,location_id,review_text,review_date) VALUES (43,5,7,'I felt proud of the quality of service I was able to deliver to the customers.','1/14/2026');
INSERT INTO EmployeeReview(emp_review_id,user_id,location_id,review_text,review_date) VALUES (44,32,6,'making my job easier.','1/10/2026');
INSERT INTO EmployeeReview(emp_review_id,user_id,location_id,review_text,review_date) VALUES (45,7,33,'I had a great time interacting with the customers and providing top-notch service.','12/14/2025');
INSERT INTO EmployeeReview(emp_review_id,user_id,location_id,review_text,review_date) VALUES (46,1,44,'The customers were patient and understanding','4/6/2026');
INSERT INTO EmployeeReview(emp_review_id,user_id,location_id,review_text,review_date) VALUES (47,24,70,'I received positive feedback from the customers about the food and service.','3/21/2026');
INSERT INTO EmployeeReview(emp_review_id,user_id,location_id,review_text,review_date) VALUES (48,26,43,'I received positive feedback from the customers about the food and service.','8/9/2025');
INSERT INTO EmployeeReview(emp_review_id,user_id,location_id,review_text,review_date) VALUES (49,20,38,'The customers were appreciative of the recommendations I provided for their meals.','1/28/2026');
INSERT INTO EmployeeReview(emp_review_id,user_id,location_id,review_text,review_date) VALUES (50,36,46,'The restaurant was busy but I managed to keep up with all the orders and requests.','8/8/2025');
INSERT INTO EmployeeReview(emp_review_id,user_id,location_id,review_text,review_date) VALUES (51,38,70,'The restaurant was busy but I managed to keep up with all the orders and requests.','5/21/2025');
INSERT INTO EmployeeReview(emp_review_id,user_id,location_id,review_text,review_date) VALUES (52,24,20,'The service was excellent and the customers seemed to enjoy their meals.','11/27/2025');
INSERT INTO EmployeeReview(emp_review_id,user_id,location_id,review_text,review_date) VALUES (53,12,57,'The customers were patient and understanding','12/1/2025');
INSERT INTO EmployeeReview(emp_review_id,user_id,location_id,review_text,review_date) VALUES (54,5,30,'The atmosphere was cozy and welcoming.','12/8/2025');
INSERT INTO EmployeeReview(emp_review_id,user_id,location_id,review_text,review_date) VALUES (55,4,61,'I received positive feedback from the customers about the food and service.','5/30/2025');
INSERT INTO EmployeeReview(emp_review_id,user_id,location_id,review_text,review_date) VALUES (56,8,63,'The customers were patient and understanding','10/15/2025');
INSERT INTO EmployeeReview(emp_review_id,user_id,location_id,review_text,review_date) VALUES (57,15,49,'The customers were patient and understanding','2/14/2026');
INSERT INTO EmployeeReview(emp_review_id,user_id,location_id,review_text,review_date) VALUES (58,1,15,'The service was excellent and the customers seemed to enjoy their meals.','7/22/2025');
INSERT INTO EmployeeReview(emp_review_id,user_id,location_id,review_text,review_date) VALUES (59,10,45,'The restaurant was busy but I managed to keep up with all the orders and requests.','8/31/2025');
INSERT INTO EmployeeReview(emp_review_id,user_id,location_id,review_text,review_date) VALUES (60,17,5,'The customers were patient and understanding','7/1/2025');
INSERT INTO EmployeeReview(emp_review_id,user_id,location_id,review_text,review_date) VALUES (61,8,47,'The atmosphere was cozy and welcoming.','12/21/2025');
INSERT INTO EmployeeReview(emp_review_id,user_id,location_id,review_text,review_date) VALUES (62,16,15,'I enjoyed working with my team to ensure a smooth dining experience for the customers.','6/13/2025');
INSERT INTO EmployeeReview(emp_review_id,user_id,location_id,review_text,review_date) VALUES (63,17,5,'The atmosphere was cozy and welcoming.','1/7/2026');
INSERT INTO EmployeeReview(emp_review_id,user_id,location_id,review_text,review_date) VALUES (64,18,25,'The atmosphere was cozy and welcoming.','2/16/2026');
INSERT INTO EmployeeReview(emp_review_id,user_id,location_id,review_text,review_date) VALUES (65,13,59,'The service was excellent and the customers seemed to enjoy their meals.','2/17/2026');
INSERT INTO EmployeeReview(emp_review_id,user_id,location_id,review_text,review_date) VALUES (66,20,32,'I enjoyed working with my team to ensure a smooth dining experience for the customers.','3/9/2026');
INSERT INTO EmployeeReview(emp_review_id,user_id,location_id,review_text,review_date) VALUES (67,2,27,'The customers were patient and understanding','12/18/2025');
INSERT INTO EmployeeReview(emp_review_id,user_id,location_id,review_text,review_date) VALUES (68,22,53,'The restaurant was busy but I managed to keep up with all the orders and requests.','3/22/2026');
INSERT INTO EmployeeReview(emp_review_id,user_id,location_id,review_text,review_date) VALUES (69,18,47,'making my job easier.','1/24/2026');
INSERT INTO EmployeeReview(emp_review_id,user_id,location_id,review_text,review_date) VALUES (70,17,29,'I received positive feedback from the customers about the food and service.','7/19/2025');
INSERT INTO EmployeeReview(emp_review_id,user_id,location_id,review_text,review_date) VALUES (71,13,66,'The atmosphere was cozy and welcoming.','2/2/2026');
INSERT INTO EmployeeReview(emp_review_id,user_id,location_id,review_text,review_date) VALUES (72,20,31,'I received positive feedback from the customers about the food and service.','3/21/2026');
INSERT INTO EmployeeReview(emp_review_id,user_id,location_id,review_text,review_date) VALUES (73,33,61,'I had a great time interacting with the customers and providing top-notch service.','3/30/2026');
INSERT INTO EmployeeReview(emp_review_id,user_id,location_id,review_text,review_date) VALUES (74,10,24,'I felt proud of the quality of service I was able to deliver to the customers.','11/8/2025');
INSERT INTO EmployeeReview(emp_review_id,user_id,location_id,review_text,review_date) VALUES (75,10,21,'I felt proud of the quality of service I was able to deliver to the customers.','8/29/2025');
INSERT INTO EmployeeReview(emp_review_id,user_id,location_id,review_text,review_date) VALUES (76,5,13,'I received positive feedback from the customers about the food and service.','5/27/2025');
INSERT INTO EmployeeReview(emp_review_id,user_id,location_id,review_text,review_date) VALUES (77,38,5,'making my job easier.','9/17/2025');
INSERT INTO EmployeeReview(emp_review_id,user_id,location_id,review_text,review_date) VALUES (78,36,66,'The atmosphere was cozy and welcoming.','12/28/2025');
INSERT INTO EmployeeReview(emp_review_id,user_id,location_id,review_text,review_date) VALUES (79,21,17,'The customers were patient and understanding','3/6/2026');
INSERT INTO EmployeeReview(emp_review_id,user_id,location_id,review_text,review_date) VALUES (80,34,27,'making my job easier.','12/11/2025');
INSERT INTO EmployeeReview(emp_review_id,user_id,location_id,review_text,review_date) VALUES (81,26,40,'I felt proud of the quality of service I was able to deliver to the customers.','3/9/2026');
INSERT INTO EmployeeReview(emp_review_id,user_id,location_id,review_text,review_date) VALUES (82,25,46,'making my job easier.','7/24/2025');
INSERT INTO EmployeeReview(emp_review_id,user_id,location_id,review_text,review_date) VALUES (83,8,33,'The atmosphere was cozy and welcoming.','3/16/2026');
INSERT INTO EmployeeReview(emp_review_id,user_id,location_id,review_text,review_date) VALUES (84,40,42,'I enjoyed working with my team to ensure a smooth dining experience for the customers.','1/9/2026');
INSERT INTO EmployeeReview(emp_review_id,user_id,location_id,review_text,review_date) VALUES (85,27,36,'The customers were appreciative of the recommendations I provided for their meals.','6/11/2025');
INSERT INTO EmployeeReview(emp_review_id,user_id,location_id,review_text,review_date) VALUES (86,13,22,'I had a great time interacting with the customers and providing top-notch service.','1/6/2026');
INSERT INTO EmployeeReview(emp_review_id,user_id,location_id,review_text,review_date) VALUES (87,18,18,'The customers were appreciative of the recommendations I provided for their meals.','11/3/2025');
INSERT INTO EmployeeReview(emp_review_id,user_id,location_id,review_text,review_date) VALUES (88,36,22,'I received positive feedback from the customers about the food and service.','2/27/2026');
INSERT INTO EmployeeReview(emp_review_id,user_id,location_id,review_text,review_date) VALUES (89,18,46,'making my job easier.','1/5/2026');
INSERT INTO EmployeeReview(emp_review_id,user_id,location_id,review_text,review_date) VALUES (90,8,18,'The food was delicious and the customers were very friendly.','11/8/2025');
INSERT INTO EmployeeReview(emp_review_id,user_id,location_id,review_text,review_date) VALUES (91,3,49,'I received positive feedback from the customers about the food and service.','6/26/2025');
INSERT INTO EmployeeReview(emp_review_id,user_id,location_id,review_text,review_date) VALUES (92,11,38,'making my job easier.','4/1/2026');
INSERT INTO EmployeeReview(emp_review_id,user_id,location_id,review_text,review_date) VALUES (93,11,36,'The atmosphere was cozy and welcoming.','2/1/2026');
INSERT INTO EmployeeReview(emp_review_id,user_id,location_id,review_text,review_date) VALUES (94,8,9,'I had a great time interacting with the customers and providing top-notch service.','2/11/2026');
INSERT INTO EmployeeReview(emp_review_id,user_id,location_id,review_text,review_date) VALUES (95,2,61,'I felt proud of the quality of service I was able to deliver to the customers.','9/28/2025');
INSERT INTO EmployeeReview(emp_review_id,user_id,location_id,review_text,review_date) VALUES (96,40,66,'I received positive feedback from the customers about the food and service.','5/6/2025');
INSERT INTO EmployeeReview(emp_review_id,user_id,location_id,review_text,review_date) VALUES (97,25,54,'The customers were appreciative of the recommendations I provided for their meals.','3/13/2026');
INSERT INTO EmployeeReview(emp_review_id,user_id,location_id,review_text,review_date) VALUES (98,20,2,'I received positive feedback from the customers about the food and service.','1/12/2026');
INSERT INTO EmployeeReview(emp_review_id,user_id,location_id,review_text,review_date) VALUES (99,8,58,'making my job easier.','3/11/2026');
INSERT INTO EmployeeReview(emp_review_id,user_id,location_id,review_text,review_date) VALUES (100,25,37,'The customers were patient and understanding','8/26/2025');
INSERT INTO EmployeeReview(emp_review_id,user_id,location_id,review_text,review_date) VALUES (101,6,9,'The customers were appreciative of the recommendations I provided for their meals.','5/22/2025');
INSERT INTO EmployeeReview(emp_review_id,user_id,location_id,review_text,review_date) VALUES (102,37,4,'making my job easier.','3/22/2026');
INSERT INTO EmployeeReview(emp_review_id,user_id,location_id,review_text,review_date) VALUES (103,40,26,'The customers were patient and understanding','8/7/2025');
INSERT INTO EmployeeReview(emp_review_id,user_id,location_id,review_text,review_date) VALUES (104,20,52,'I received positive feedback from the customers about the food and service.','4/19/2025');
INSERT INTO EmployeeReview(emp_review_id,user_id,location_id,review_text,review_date) VALUES (105,23,7,'The customers were patient and understanding','1/1/2026');
INSERT INTO EmployeeReview(emp_review_id,user_id,location_id,review_text,review_date) VALUES (106,30,31,'I felt proud of the quality of service I was able to deliver to the customers.','4/10/2026');
INSERT INTO EmployeeReview(emp_review_id,user_id,location_id,review_text,review_date) VALUES (107,15,54,'making my job easier.','12/16/2025');
INSERT INTO EmployeeReview(emp_review_id,user_id,location_id,review_text,review_date) VALUES (108,16,10,'The restaurant was busy but I managed to keep up with all the orders and requests.','12/8/2025');
INSERT INTO EmployeeReview(emp_review_id,user_id,location_id,review_text,review_date) VALUES (109,20,69,'The service was excellent and the customers seemed to enjoy their meals.','8/26/2025');
INSERT INTO EmployeeReview(emp_review_id,user_id,location_id,review_text,review_date) VALUES (110,34,54,'I had a great time interacting with the customers and providing top-notch service.','11/2/2025');
INSERT INTO EmployeeReview(emp_review_id,user_id,location_id,review_text,review_date) VALUES (111,37,10,'I enjoyed working with my team to ensure a smooth dining experience for the customers.','8/12/2025');
INSERT INTO EmployeeReview(emp_review_id,user_id,location_id,review_text,review_date) VALUES (112,32,11,'making my job easier.','11/7/2025');
INSERT INTO EmployeeReview(emp_review_id,user_id,location_id,review_text,review_date) VALUES (113,24,15,'I received positive feedback from the customers about the food and service.','9/10/2025');
INSERT INTO EmployeeReview(emp_review_id,user_id,location_id,review_text,review_date) VALUES (114,34,23,'making my job easier.','7/10/2025');
INSERT INTO EmployeeReview(emp_review_id,user_id,location_id,review_text,review_date) VALUES (115,34,51,'I felt proud of the quality of service I was able to deliver to the customers.','9/5/2025');
INSERT INTO EmployeeReview(emp_review_id,user_id,location_id,review_text,review_date) VALUES (116,30,11,'The customers were appreciative of the recommendations I provided for their meals.','11/29/2025');
INSERT INTO EmployeeReview(emp_review_id,user_id,location_id,review_text,review_date) VALUES (117,18,4,'The atmosphere was cozy and welcoming.','4/22/2025');
INSERT INTO EmployeeReview(emp_review_id,user_id,location_id,review_text,review_date) VALUES (118,3,13,'I enjoyed working with my team to ensure a smooth dining experience for the customers.','10/18/2025');
INSERT INTO EmployeeReview(emp_review_id,user_id,location_id,review_text,review_date) VALUES (119,38,12,'The service was excellent and the customers seemed to enjoy their meals.','8/22/2025');
INSERT INTO EmployeeReview(emp_review_id,user_id,location_id,review_text,review_date) VALUES (120,18,50,'The customers were appreciative of the recommendations I provided for their meals.','11/10/2025');
INSERT INTO EmployeeReview(emp_review_id,user_id,location_id,review_text,review_date) VALUES (121,6,28,'The restaurant was busy but I managed to keep up with all the orders and requests.','12/28/2025');
INSERT INTO EmployeeReview(emp_review_id,user_id,location_id,review_text,review_date) VALUES (122,22,50,'I enjoyed working with my team to ensure a smooth dining experience for the customers.','10/22/2025');
INSERT INTO EmployeeReview(emp_review_id,user_id,location_id,review_text,review_date) VALUES (123,29,62,'The atmosphere was cozy and welcoming.','9/23/2025');
INSERT INTO EmployeeReview(emp_review_id,user_id,location_id,review_text,review_date) VALUES (124,38,45,'I felt proud of the quality of service I was able to deliver to the customers.','1/23/2026');
INSERT INTO EmployeeReview(emp_review_id,user_id,location_id,review_text,review_date) VALUES (125,39,65,'The food was delicious and the customers were very friendly.','4/1/2026');
INSERT INTO EmployeeReview(emp_review_id,user_id,location_id,review_text,review_date) VALUES (126,39,13,'The customers were appreciative of the recommendations I provided for their meals.','7/11/2025');
INSERT INTO EmployeeReview(emp_review_id,user_id,location_id,review_text,review_date) VALUES (127,30,67,'The food was delicious and the customers were very friendly.','2/2/2026');
INSERT INTO EmployeeReview(emp_review_id,user_id,location_id,review_text,review_date) VALUES (128,12,25,'The customers were appreciative of the recommendations I provided for their meals.','12/20/2025');
INSERT INTO EmployeeReview(emp_review_id,user_id,location_id,review_text,review_date) VALUES (129,33,47,'I had a great time interacting with the customers and providing top-notch service.','11/19/2025');
INSERT INTO EmployeeReview(emp_review_id,user_id,location_id,review_text,review_date) VALUES (130,7,16,'I received positive feedback from the customers about the food and service.','6/15/2025');


-- EMPLOYEE RATINGS

INSERT INTO EmployeeRating(emp_rating_id,emp_review_id,category_id,score) VALUES (1,833,6,1);
INSERT INTO EmployeeRating(emp_rating_id,emp_review_id,category_id,score) VALUES (2,839,6,5);
INSERT INTO EmployeeRating(emp_rating_id,emp_review_id,category_id,score) VALUES (3,77,4,5);
INSERT INTO EmployeeRating(emp_rating_id,emp_review_id,category_id,score) VALUES (4,662,6,4);
INSERT INTO EmployeeRating(emp_rating_id,emp_review_id,category_id,score) VALUES (5,191,3,1);
INSERT INTO EmployeeRating(emp_rating_id,emp_review_id,category_id,score) VALUES (6,77,6,2);
INSERT INTO EmployeeRating(emp_rating_id,emp_review_id,category_id,score) VALUES (7,397,7,4);
INSERT INTO EmployeeRating(emp_rating_id,emp_review_id,category_id,score) VALUES (8,285,4,2);
INSERT INTO EmployeeRating(emp_rating_id,emp_review_id,category_id,score) VALUES (9,741,4,1);
INSERT INTO EmployeeRating(emp_rating_id,emp_review_id,category_id,score) VALUES (10,334,4,3);
INSERT INTO EmployeeRating(emp_rating_id,emp_review_id,category_id,score) VALUES (11,96,6,1);
INSERT INTO EmployeeRating(emp_rating_id,emp_review_id,category_id,score) VALUES (12,328,7,1);
INSERT INTO EmployeeRating(emp_rating_id,emp_review_id,category_id,score) VALUES (13,3,6,1);
INSERT INTO EmployeeRating(emp_rating_id,emp_review_id,category_id,score) VALUES (14,603,6,1);
INSERT INTO EmployeeRating(emp_rating_id,emp_review_id,category_id,score) VALUES (15,187,3,3);
INSERT INTO EmployeeRating(emp_rating_id,emp_review_id,category_id,score) VALUES (16,551,5,1);
INSERT INTO EmployeeRating(emp_rating_id,emp_review_id,category_id,score) VALUES (17,170,2,2);
INSERT INTO EmployeeRating(emp_rating_id,emp_review_id,category_id,score) VALUES (18,472,2,1);
INSERT INTO EmployeeRating(emp_rating_id,emp_review_id,category_id,score) VALUES (19,252,5,2);
INSERT INTO EmployeeRating(emp_rating_id,emp_review_id,category_id,score) VALUES (20,280,1,4);
INSERT INTO EmployeeRating(emp_rating_id,emp_review_id,category_id,score) VALUES (21,345,6,5);
INSERT INTO EmployeeRating(emp_rating_id,emp_review_id,category_id,score) VALUES (22,516,5,1);
INSERT INTO EmployeeRating(emp_rating_id,emp_review_id,category_id,score) VALUES (23,871,2,2);
INSERT INTO EmployeeRating(emp_rating_id,emp_review_id,category_id,score) VALUES (24,358,4,2);
INSERT INTO EmployeeRating(emp_rating_id,emp_review_id,category_id,score) VALUES (25,24,5,5);
INSERT INTO EmployeeRating(emp_rating_id,emp_review_id,category_id,score) VALUES (26,325,3,2);
INSERT INTO EmployeeRating(emp_rating_id,emp_review_id,category_id,score) VALUES (27,269,7,5);
INSERT INTO EmployeeRating(emp_rating_id,emp_review_id,category_id,score) VALUES (28,694,4,5);
INSERT INTO EmployeeRating(emp_rating_id,emp_review_id,category_id,score) VALUES (29,4,2,2);
INSERT INTO EmployeeRating(emp_rating_id,emp_review_id,category_id,score) VALUES (30,728,7,1);
INSERT INTO EmployeeRating(emp_rating_id,emp_review_id,category_id,score) VALUES (31,582,1,2);
INSERT INTO EmployeeRating(emp_rating_id,emp_review_id,category_id,score) VALUES (32,398,4,4);
INSERT INTO EmployeeRating(emp_rating_id,emp_review_id,category_id,score) VALUES (33,711,6,3);
INSERT INTO EmployeeRating(emp_rating_id,emp_review_id,category_id,score) VALUES (34,496,2,4);
INSERT INTO EmployeeRating(emp_rating_id,emp_review_id,category_id,score) VALUES (35,427,4,5);
INSERT INTO EmployeeRating(emp_rating_id,emp_review_id,category_id,score) VALUES (36,106,6,1);
INSERT INTO EmployeeRating(emp_rating_id,emp_review_id,category_id,score) VALUES (37,868,7,4);
INSERT INTO EmployeeRating(emp_rating_id,emp_review_id,category_id,score) VALUES (38,35,1,1);
INSERT INTO EmployeeRating(emp_rating_id,emp_review_id,category_id,score) VALUES (39,444,2,1);
INSERT INTO EmployeeRating(emp_rating_id,emp_review_id,category_id,score) VALUES (40,44,6,1);
INSERT INTO EmployeeRating(emp_rating_id,emp_review_id,category_id,score) VALUES (41,714,1,5);
INSERT INTO EmployeeRating(emp_rating_id,emp_review_id,category_id,score) VALUES (42,212,2,3);
INSERT INTO EmployeeRating(emp_rating_id,emp_review_id,category_id,score) VALUES (43,946,6,5);
INSERT INTO EmployeeRating(emp_rating_id,emp_review_id,category_id,score) VALUES (44,767,6,3);
INSERT INTO EmployeeRating(emp_rating_id,emp_review_id,category_id,score) VALUES (45,804,2,4);
INSERT INTO EmployeeRating(emp_rating_id,emp_review_id,category_id,score) VALUES (46,23,1,1);
INSERT INTO EmployeeRating(emp_rating_id,emp_review_id,category_id,score) VALUES (47,216,5,1);
INSERT INTO EmployeeRating(emp_rating_id,emp_review_id,category_id,score) VALUES (48,286,2,4);
INSERT INTO EmployeeRating(emp_rating_id,emp_review_id,category_id,score) VALUES (49,591,7,5);
INSERT INTO EmployeeRating(emp_rating_id,emp_review_id,category_id,score) VALUES (50,663,5,5);
INSERT INTO EmployeeRating(emp_rating_id,emp_review_id,category_id,score) VALUES (51,331,1,3);
INSERT INTO EmployeeRating(emp_rating_id,emp_review_id,category_id,score) VALUES (52,568,3,1);
INSERT INTO EmployeeRating(emp_rating_id,emp_review_id,category_id,score) VALUES (53,578,5,3);
INSERT INTO EmployeeRating(emp_rating_id,emp_review_id,category_id,score) VALUES (54,394,2,1);
INSERT INTO EmployeeRating(emp_rating_id,emp_review_id,category_id,score) VALUES (55,997,4,2);
INSERT INTO EmployeeRating(emp_rating_id,emp_review_id,category_id,score) VALUES (56,559,6,4);
INSERT INTO EmployeeRating(emp_rating_id,emp_review_id,category_id,score) VALUES (57,452,5,3);
INSERT INTO EmployeeRating(emp_rating_id,emp_review_id,category_id,score) VALUES (58,5,3,3);
INSERT INTO EmployeeRating(emp_rating_id,emp_review_id,category_id,score) VALUES (59,656,7,3);
INSERT INTO EmployeeRating(emp_rating_id,emp_review_id,category_id,score) VALUES (60,599,3,5);
INSERT INTO EmployeeRating(emp_rating_id,emp_review_id,category_id,score) VALUES (61,454,3,5);
INSERT INTO EmployeeRating(emp_rating_id,emp_review_id,category_id,score) VALUES (62,796,6,1);
INSERT INTO EmployeeRating(emp_rating_id,emp_review_id,category_id,score) VALUES (63,367,6,3);
INSERT INTO EmployeeRating(emp_rating_id,emp_review_id,category_id,score) VALUES (64,768,4,5);
INSERT INTO EmployeeRating(emp_rating_id,emp_review_id,category_id,score) VALUES (65,758,6,1);
INSERT INTO EmployeeRating(emp_rating_id,emp_review_id,category_id,score) VALUES (66,410,4,5);
INSERT INTO EmployeeRating(emp_rating_id,emp_review_id,category_id,score) VALUES (67,480,6,5);
INSERT INTO EmployeeRating(emp_rating_id,emp_review_id,category_id,score) VALUES (68,425,5,4);
INSERT INTO EmployeeRating(emp_rating_id,emp_review_id,category_id,score) VALUES (69,71,2,2);
INSERT INTO EmployeeRating(emp_rating_id,emp_review_id,category_id,score) VALUES (70,216,1,5);
INSERT INTO EmployeeRating(emp_rating_id,emp_review_id,category_id,score) VALUES (71,646,3,4);
INSERT INTO EmployeeRating(emp_rating_id,emp_review_id,category_id,score) VALUES (72,707,5,2);
INSERT INTO EmployeeRating(emp_rating_id,emp_review_id,category_id,score) VALUES (73,144,4,4);
INSERT INTO EmployeeRating(emp_rating_id,emp_review_id,category_id,score) VALUES (74,898,4,3);
INSERT INTO EmployeeRating(emp_rating_id,emp_review_id,category_id,score) VALUES (75,69,1,3);
INSERT INTO EmployeeRating(emp_rating_id,emp_review_id,category_id,score) VALUES (76,591,2,5);
INSERT INTO EmployeeRating(emp_rating_id,emp_review_id,category_id,score) VALUES (77,722,1,3);
INSERT INTO EmployeeRating(emp_rating_id,emp_review_id,category_id,score) VALUES (78,867,7,2);
INSERT INTO EmployeeRating(emp_rating_id,emp_review_id,category_id,score) VALUES (79,17,6,4);
INSERT INTO EmployeeRating(emp_rating_id,emp_review_id,category_id,score) VALUES (80,53,6,2);
INSERT INTO EmployeeRating(emp_rating_id,emp_review_id,category_id,score) VALUES (81,782,1,3);
INSERT INTO EmployeeRating(emp_rating_id,emp_review_id,category_id,score) VALUES (82,881,5,5);
INSERT INTO EmployeeRating(emp_rating_id,emp_review_id,category_id,score) VALUES (83,53,1,1);
INSERT INTO EmployeeRating(emp_rating_id,emp_review_id,category_id,score) VALUES (84,59,3,4);
INSERT INTO EmployeeRating(emp_rating_id,emp_review_id,category_id,score) VALUES (85,893,4,5);
INSERT INTO EmployeeRating(emp_rating_id,emp_review_id,category_id,score) VALUES (86,908,1,5);
INSERT INTO EmployeeRating(emp_rating_id,emp_review_id,category_id,score) VALUES (87,321,5,4);
INSERT INTO EmployeeRating(emp_rating_id,emp_review_id,category_id,score) VALUES (88,750,1,4);
INSERT INTO EmployeeRating(emp_rating_id,emp_review_id,category_id,score) VALUES (89,132,5,4);
INSERT INTO EmployeeRating(emp_rating_id,emp_review_id,category_id,score) VALUES (90,295,5,1);
INSERT INTO EmployeeRating(emp_rating_id,emp_review_id,category_id,score) VALUES (91,561,5,1);
INSERT INTO EmployeeRating(emp_rating_id,emp_review_id,category_id,score) VALUES (92,527,1,3);
INSERT INTO EmployeeRating(emp_rating_id,emp_review_id,category_id,score) VALUES (93,898,3,1);
INSERT INTO EmployeeRating(emp_rating_id,emp_review_id,category_id,score) VALUES (94,110,7,5);
INSERT INTO EmployeeRating(emp_rating_id,emp_review_id,category_id,score) VALUES (95,164,4,2);
INSERT INTO EmployeeRating(emp_rating_id,emp_review_id,category_id,score) VALUES (96,759,7,5);
INSERT INTO EmployeeRating(emp_rating_id,emp_review_id,category_id,score) VALUES (97,792,5,5);
INSERT INTO EmployeeRating(emp_rating_id,emp_review_id,category_id,score) VALUES (98,129,3,1);
INSERT INTO EmployeeRating(emp_rating_id,emp_review_id,category_id,score) VALUES (99,309,4,4);
INSERT INTO EmployeeRating(emp_rating_id,emp_review_id,category_id,score) VALUES (100,770,3,3);
INSERT INTO EmployeeRating(emp_rating_id,emp_review_id,category_id,score) VALUES (101,680,1,5);
INSERT INTO EmployeeRating(emp_rating_id,emp_review_id,category_id,score) VALUES (102,910,6,3);
INSERT INTO EmployeeRating(emp_rating_id,emp_review_id,category_id,score) VALUES (103,134,2,2);
INSERT INTO EmployeeRating(emp_rating_id,emp_review_id,category_id,score) VALUES (104,116,4,2);
INSERT INTO EmployeeRating(emp_rating_id,emp_review_id,category_id,score) VALUES (105,594,5,5);
INSERT INTO EmployeeRating(emp_rating_id,emp_review_id,category_id,score) VALUES (106,347,2,4);
INSERT INTO EmployeeRating(emp_rating_id,emp_review_id,category_id,score) VALUES (107,948,7,4);
INSERT INTO EmployeeRating(emp_rating_id,emp_review_id,category_id,score) VALUES (108,344,2,1);
INSERT INTO EmployeeRating(emp_rating_id,emp_review_id,category_id,score) VALUES (109,819,1,3);
INSERT INTO EmployeeRating(emp_rating_id,emp_review_id,category_id,score) VALUES (110,998,4,2);
INSERT INTO EmployeeRating(emp_rating_id,emp_review_id,category_id,score) VALUES (111,768,7,2);
INSERT INTO EmployeeRating(emp_rating_id,emp_review_id,category_id,score) VALUES (112,511,4,2);
INSERT INTO EmployeeRating(emp_rating_id,emp_review_id,category_id,score) VALUES (113,519,7,3);
INSERT INTO EmployeeRating(emp_rating_id,emp_review_id,category_id,score) VALUES (114,555,2,4);
INSERT INTO EmployeeRating(emp_rating_id,emp_review_id,category_id,score) VALUES (115,804,2,2);
INSERT INTO EmployeeRating(emp_rating_id,emp_review_id,category_id,score) VALUES (116,992,3,2);
INSERT INTO EmployeeRating(emp_rating_id,emp_review_id,category_id,score) VALUES (117,333,1,1);
INSERT INTO EmployeeRating(emp_rating_id,emp_review_id,category_id,score) VALUES (118,304,5,3);
INSERT INTO EmployeeRating(emp_rating_id,emp_review_id,category_id,score) VALUES (119,489,2,2);
INSERT INTO EmployeeRating(emp_rating_id,emp_review_id,category_id,score) VALUES (120,480,2,1);
INSERT INTO EmployeeRating(emp_rating_id,emp_review_id,category_id,score) VALUES (121,412,6,2);
INSERT INTO EmployeeRating(emp_rating_id,emp_review_id,category_id,score) VALUES (122,67,7,3);
INSERT INTO EmployeeRating(emp_rating_id,emp_review_id,category_id,score) VALUES (123,366,3,1);
INSERT INTO EmployeeRating(emp_rating_id,emp_review_id,category_id,score) VALUES (124,431,2,1);
INSERT INTO EmployeeRating(emp_rating_id,emp_review_id,category_id,score) VALUES (125,912,5,1);
INSERT INTO EmployeeRating(emp_rating_id,emp_review_id,category_id,score) VALUES (126,51,3,4);
INSERT INTO EmployeeRating(emp_rating_id,emp_review_id,category_id,score) VALUES (127,490,5,3);
INSERT INTO EmployeeRating(emp_rating_id,emp_review_id,category_id,score) VALUES (128,511,1,3);
INSERT INTO EmployeeRating(emp_rating_id,emp_review_id,category_id,score) VALUES (129,826,1,3);
INSERT INTO EmployeeRating(emp_rating_id,emp_review_id,category_id,score) VALUES (130,284,6,2);

-- PHOTOS

INSERT INTO Photo(photo_id,location_id,url) VALUES (1,42,'data:image/png;base64,iVBORw0KGgoAAAANSUhEUgAAABAAAAAQCAYAAAAf8/9hAAAABGdBTUEAAK/INwWK6QAAABl0RVh0U29mdHdhcmUAQWRvYmUgSW1hZ2VSZWFkeXHJZTwAAALzSURBVBgZpcFdSN11GMDx7/+cv06Px3ePujrqNHG6RYxazbEaxdquuinoIiLqtoIQ1nUrogiqXdTdroLIIroJ2l1GDW0uNzWcHdGpO2tTm1M3X875v/ye5+kIuwi6Cfp8PDPj//Bf+OB8XbYp/UtNqjyLeWCKmCFxTBjGxHFMFISEYYgrhkhQJCoG3F3dWMrnFp71O5qrp44ebMt2tjSwS83YJWqoGmKGiCJqiAiiRizC+OQfDT+Hmzn/wcaqbCaVZDa/ghPhytR1+h/rZWxilkMPt+NiZeLqdfr69jE8PEXbvmZElJ5sLZnWvfW+54GaUZb0WN9WCs6jIGWsF2J+Gp1DRFFLEFFJ6JWzdmeTjmw9ThXP8/De/fJXS7giCTW8RJKjj+5nIypHVBE1VMGJ4lSp8QsMDY0Rbq/hopjVW5v4l6bzr/Rm7KPG2qpkJpNtSZZXektzOZZW1oic4JwgosQCJ595gu4DXTo/vTW1vLWp13K/nfXMjF1vnv1h8MgjnS/1dnVQm06xvznBP7311XGCeJvu1KdMjM2c//rj15+jJEHJi+9/395Yl36+JdNIJJDew7+ELibb1Mf4xhv41bXHuM9/+vQ3XlrD73qf7KnA88FLUFPhMTB4HDNHpI7IOR6o76av9QhbwQ6/F0/XHT4x+t7loc/OeGbG2+cuyInHexJ/bRmdrdUc604zMNjPyYOvIqaICoqxcu8m9VXNXFz4kSs3LhC4sM6nJIg0sXznLvPLOwRhE0Oj0wQaIabk1+aI1eE0JpaYzXCLQ21PsR0XuLQ4vOZT4uKYWJTIOWYWbiJqBGUBThwtNe04FcSU5Xs3aEi3Mv7nCKOz41Y0DvuUBFFEsRjR1rQHcT5qxq3VkC8ufkKkEYGLeKjpAP1dpxjLDzNybYzmuZfjkW/PTfqULE5enSncXu0tq6hCxaGqJOMzpFxEhTNqTBgvDuAlKhnJXWZv/jXW59c/p8QzM/6Lrne8HdFkqqjSdftDW+S+vwHrxbCSH7ilcAAAAABJRU5ErkJggg==');
INSERT INTO Photo(photo_id,location_id,url) VALUES (2,38,'data:image/png;base64,iVBORw0KGgoAAAANSUhEUgAAABAAAAAQCAYAAAAf8/9hAAAABGdBTUEAAK/INwWK6QAAABl0RVh0U29mdHdhcmUAQWRvYmUgSW1hZ2VSZWFkeXHJZTwAAAIUSURBVDjLpZO/T1NhFIafQss1aaSpUmgbCxpriE3q6Ayjk5oYpf6ILk5d9S9wwsRRDVFXN22ijg6YaBxMiUPjUBqCLe2l9goxcpHC/c5x6C20KRtneofzPnnfk+8LqCpHmSGOOMGuePLB3o8iqihgDKCgIoiCkY42Ao9uTgb6AADJ6AiKogIKqCiioD0QEVhpbg8mMKqo+gYBVUXVT+ODRBQRxewdUsGYTkRUEfGNXS39kD0jgwA10llUEBFU8A2yb+wCPe8QgCcgRhF/qbPc1XKQREE8HQSIJxjR/Z7a01n9St0k3mEAzwNjhN12m83qEqHtFeLjJ1ld+8Wx1CzD1ihu5R2nT8XY+eeQz68+LJVKzw4AxrC3C8vf3pMeV27cu4PrupxdW+PTl8/sMELu+hVGQkFs26ZYtB5Xq9VYoPuUH7xc0cDmdwK/i+Ru51h49YZ6pUgiESebzWLbNo7jYNvrHE9cIH/3EoVC4U9PAmXj5w/OxcMAnLl4i+XSV+bm5ohGo2xtbdFqtXj6fIHRyWuASyQSsXpuIPw1Eep2BYCljy9ADPPz84TDHajruqgIu5XXMHuZer2+E+j9jZlM5nw6nX47MzMTT6VSEgwGTzSbTcrlMpZlMTU1xcTEBJ7nbdRqtaHFxcX1PsD09PRwIpHIhsPhQjKZjFmWNQwMOY5zH6iPjY0VgFC73TaNRqPluu7V/620dUeTJTHnAAAAAElFTkSuQmCC');
INSERT INTO Photo(photo_id,location_id,url) VALUES (3,40,'data:image/png;base64,iVBORw0KGgoAAAANSUhEUgAAABAAAAAQCAYAAAAf8/9hAAAABGdBTUEAAK/INwWK6QAAABl0RVh0U29mdHdhcmUAQWRvYmUgSW1hZ2VSZWFkeXHJZTwAAAKASURBVDjLpVNLTxNRGOUH+Av6O2Dp0oVdGEE37EzcmHShiRoCMWqDJiQSI6QjREtAHilQU0lQ3hawjEUM2pZSOn1QHi0M0GmdDp2+oMf5LnSsj503OZubc853vu9+twZATTUudcGgoU6DUUPjOYznd4Y/+dXCCxpqW97JJsfnXW7ZE+bX1jcknz8gLa0G+dHFGNdkT5mIQ9zfDM7FF4dde2bfRlQQkzIUtYjSaZkhky0gcZCCe9Uv9M5EzcStmFQMaknsD24quXwJdNTCCVJKEZKG4/wJu1PUApZWvIp1MkQmtcyA+qLYVLkiPpILOPhRgJg+w146j0Qqr5vMzLuFO0MitWMggzoHv8NRbDo9c3Fcf+rSce3JIkND6wJaBkOME4ztw2Jf5khLBkb39xBPPVNUEjnXJL1qXMphN5nDrCeJBrMTcraEw7SKvpH3PGnJoNG7ti7RsJKZIjOoFsYOVNzu2cD6roL6xx/ZXaF0iiHbiERaZuDx+ZkB9U5x57xJRozsZ5m4/tEs3rpFZrB9lNNSFNHXP6gbGD99DfBpJY+MWkLX9A4u3xtlxIGFBBNffTiNKw8mcP9NkL1MOJ6GxWrTW6izOSPcdiKJchlMuHWosuhRUcWzsRgz8MQyCCWyKJ6UMf8lAHP3hD5Ew93hI5PTtSJIco5NmYQEaiG8l0WbYxPfojIrENGqd74aEG52h8+esbJIljGfeXzWpYipY0ZMH5f0NLRMVDkcT6HDOqw0WyZ/LVL1KrfbVswD9nFh2RvBtiizmVDPgS0JUy4f2i29QlPnh79Xufoz3erZMrW+nuKed/Xzlpfd0otOTmrrsPLNHQ7uBhf892f6n+/8E/bIBuJgfmmXAAAAAElFTkSuQmCC');
INSERT INTO Photo(photo_id,location_id,url) VALUES (4,70,'data:image/png;base64,iVBORw0KGgoAAAANSUhEUgAAABAAAAAQCAYAAAAf8/9hAAAABGdBTUEAAK/INwWK6QAAABl0RVh0U29mdHdhcmUAQWRvYmUgSW1hZ2VSZWFkeXHJZTwAAACxSURBVDjL7dItC8JQAIXh491HWbDvD1pEDIIKm1zDxqKi0WIULAZFYc1msF3ErEZlMC9Mhxx/gTAR28KpDxx4QRK/DCXwAbDg0oLMTShtQF0F5AlwvwHkqy+Zxxs+lwsmvs8DKrIw8DCh8njNLOxRtxrU4yF3MFRhIBFQ2XxG3W7yXq8xjULGsIsDFwF58zzq0YBpFPDc6XIKp/iFI4S7h5BbWGoFW03gyABVtyzxT8Ab8Xzei+tkcykAAAAASUVORK5CYII=');
INSERT INTO Photo(photo_id,location_id,url) VALUES (5,38,'data:image/png;base64,iVBORw0KGgoAAAANSUhEUgAAABAAAAAQCAYAAAAf8/9hAAAABGdBTUEAAK/INwWK6QAAABl0RVh0U29mdHdhcmUAQWRvYmUgSW1hZ2VSZWFkeXHJZTwAAAJXSURBVDjLlZDhS1NhFIeF/oJBEK5ISiIJsaxkTAQTR8wSacY0xdlmbZqkTZ3cmmKprU3naltOd2u5UtFSAiuSaAUVGEKDvphtXuVu79xttfB7Ef16FwRhG+mH8+H9Hc7zPuekAUj7u9omQ2ieIGj0hqB1B76s76+vf4KmCeFh3wzBxekYVGykYdMALbsEtZsfrR+NQ+mK5m8KUOchUNk/vqlk41srB6MosxLDhgHqkdhAw/AilKb3/YrO+cKqQQK5OTS2IYDKE9uvcQZQ3u0vSrz1r7T3au/3obh3Zf6/gGp3dEjpJFCYPuC4Tdimf33Wa39ngfVtLxS3ulHuKdkid1RFi52EOWInvgIb8eVbyZTUHNYlPWLj89M2y9wVzC7PoPNZO446rn8/NrQKzVgMBVaCmhEBFx58RgW7igM9vC6pVvWkot842wL73CyUtwVox2OQ9hFLopd3lbdovAJOuaPY17HCpNytxFH0rfXxC9TejUHS8/JnnokXJfKcLp7VUIsyZxh7GE6XajhaaJJCYszFQeNl5Fxy/aC6vuwuHiecEVx7EkcWs4yMVk6U0kBiDouorq+Cqp50/db172W4qTN3BDTRlXbqg/6kR/xTuT28v4oVoBxeRVYHxySyXQaOKR0Io8QaxvbzASYlgOrKZDYCy9OvyDYuI9PAiajubvrrSsu4gMM0E9cHZCkBVFdXeiOM3kdxlDkiyGxbQpZhCXJLCPrRT6i5GcGhdg7iukVZUgC9rojqshn6IHY0BxO6fvG5AEN/ZcTaxTU6uJZet8CmqxdEvwDWpa/ASC8BSAAAAABJRU5ErkJggg==');
INSERT INTO Photo(photo_id,location_id,url) VALUES (6,26,'data:image/png;base64,iVBORw0KGgoAAAANSUhEUgAAABAAAAAQCAYAAAAf8/9hAAAABGdBTUEAAK/INwWK6QAAABl0RVh0U29mdHdhcmUAQWRvYmUgSW1hZ2VSZWFkeXHJZTwAAAJ0SURBVBgZBcFLaFxVAADQc+97Mw5JaiPmR4uhG5GI0Jg0tStBXYggaNe6Uop00w7FpVIElwrBZRcupCBuFIo/CKKC4LeBoIhoLTKWRBNtQ2Jm8ua9uddzQvWiyfa8y0pdABERABEA0GDT6rDntbI977L7H+uaXaZoEUtCIAZCJAZiQEFAQB6x+X23/fE1pVLX7DJVwdwKBbZ/5p91YqSIiBQIkZyZmGJmiZlr3RIULWKHh88CzlIf8NsaNz5i9B8COSNw5y8695KIEkJJf4sfP+DmVxzs0BrnwWd56i2OnQEE6prDmmbIkFJEDPS3+OkqMVBGphZZfJ6j8zxykfUr3FijahhW1CMOKUVEzK3waJfdHpvrLn696MjNff3hhnsm2ja3TwnxlImxQsrBnY2BC4P3lRIUBLTGmV5gesHgs+seP/2AZ5YmfPjNLa8+twAA3vlix2q6KooIuL3BJxe4foWDHf2qdnu/AWs//A3gsGGvYmd3KISkFBEjOTLYpvc5W9+J8ZwiU4+SN88vSSnLKGRjJVVV2TsYKiUIFJkzL9OaoPelzq/RYVV7/b0/xEAzStIoycg5kxlrJSWImemHOLYC5EaTBqpRo4gtZMFICEFOWc5J09SGw0YJBAbb1H1aY+z8br8/rRVK558+oklDRDI5JJ2y7Y13e/7dO1AaIjcY8eklWkfpbRilVxRakoG3118yNTYviHb6fzq3sirq6FdDpVtWbX7bNbNCB6OaEyeV24UTc8xO7Hvi5GmT7eNEdg+PmxlvjLUpQxCqJ02251w2pyuhwSEvpFWD+5ZN3jWpU96tSbWQkpBHUuj7pXfT9l7tf4r+Cu34pbphAAAAAElFTkSuQmCC');
INSERT INTO Photo(photo_id,location_id,url) VALUES (7,46,'data:image/png;base64,iVBORw0KGgoAAAANSUhEUgAAABAAAAAQCAYAAAAf8/9hAAAABGdBTUEAAK/INwWK6QAAABl0RVh0U29mdHdhcmUAQWRvYmUgSW1hZ2VSZWFkeXHJZTwAAAL2SURBVDjLfVHrS9NhGB0Evy/9HQlZmmbe0iabspbbwJm6IKnMLWND2dzcnKDb3CJyjpy3QR+MgoxMV06HNl3iHBO6qDkjvGVlgn5Qt1yOCD393l8X8EIvHHg4z3nO+7znZQFg7Yer/ATVp4xbcavjowO6hKin5vSKp+4MdZj2ANFXcZKiB0M+Kx9TnXK8e1KBQIsYQ/WpoSFLGvVfA7cqnhrQJoTGbAJMdylpqDDdrUHwWQ38jiIM1KeH3IZ06lADt+YUNahPDPubRAg+VSPQmg+POQMvbmXC11aEye5aDNsL0a1PCz9Wp1B7DAZ1iZSnJikcsOch2KNFoK0Aw3c4eD8zzaDfzMGQrRDjj3RwWfLQcTMp3H4tkTFh0QFRdEDhQEs+gk49vWohPLe5ePP6FdbX17G5uYmF+Vl0as/BaRTBe0+Bh1XnYS2IC1uEsRRryJAyHmi7+OedEno4G1OTb7GxscEM/8X83Cwc0jTcV+agt7EYrdJM1HBixll0snyPJX3H1y5Bn5G9++njwr+b92P58xJMgjg0XT0LPfvYDg3+7wAN6fzndWlj9ru23e3tbUas0Wig1Wqh0+lQXV3NcJFIBDZrA3Sc2BkyfOAbrVbr1traGlwuFywWCzo6OmA0GqHX67G8vIzGxkaGo3thuVxexWazj+4xMJvNWw6HA3a7Haurq1hcXMTo6ChMJhMIPzc3x3B+v5/RCIXCBlb5y5L4672XLhc9EA0LlLwdbbUWE8EgSktLiQAymQzNzc3MFqQWCAWQyAu3iEmluvI7ix7+quy/gdqRSogq+DDVmxgDsnpOTg68Xi8mJibg8/nQ09ODbB4XdV41s4XBZACLvnnkgp3zJcOYPJ5akByVlcl2iUFJSQm4XC54PB7EYjEDUnO4HIiKhSFiIC2T/tyTwXH6iESiDzabbbOrq2vd6XQyb1epVMxPkJpwpEc0RLvHICYm5khWVlZCbm7uklQqjSgUiiiNHxKJ5AqNbLr+RjjSIxqi/QVm6pQnUTAFywAAAABJRU5ErkJggg==');
INSERT INTO Photo(photo_id,location_id,url) VALUES (8,63,'data:image/png;base64,iVBORw0KGgoAAAANSUhEUgAAABAAAAAQCAYAAAAf8/9hAAAABGdBTUEAAK/INwWK6QAAABl0RVh0U29mdHdhcmUAQWRvYmUgSW1hZ2VSZWFkeXHJZTwAAAFhSURBVDjLjVJRSsNAEJ3WpkKgIA2hVIL/fngJv/3rNbyD4BU8QD57AOkBjOQCPUHIX2m1YAtCku64b5NZtnSrThhmNzvz5s1jesxMsDzPX5RSj7jrSBIPh4ONzvlpNps9m0IkwrMsW+73e/7L1us1z+fzd6kbUGdAhr0uv0hpUowPUTteWP9EvL9happGyo4BaoUyouurARDMmZ1YfFama13XpwCYD5mK2RZR192AGU1a2l4GLQAfdbSRW2aqO59lcNHXUSeVH1U7N7dFwkoAqqryA0CHh9tL20GUJuqZ+3A4pO322z+CW4QOq9WKNpuNuUdRRHEcUxAErdjnRpClQnFZlpbBbrcz76PR6ESDvo+BdE6SxDjOeoHsu3cE/BQGoCnu6uOO6NVAAMbjMem1pqIo7BjQ4VcGLsBkMjFdXRGn0+n/AMIwNA4QnyHHLJ1Hg7c0Te+ALo5Eia5rPRZS9wNIBbXTpSVpqgAAAABJRU5ErkJggg==');
INSERT INTO Photo(photo_id,location_id,url) VALUES (9,68,'data:image/png;base64,iVBORw0KGgoAAAANSUhEUgAAABAAAAAQCAYAAAAf8/9hAAAABGdBTUEAAK/INwWK6QAAABl0RVh0U29mdHdhcmUAQWRvYmUgSW1hZ2VSZWFkeXHJZTwAAAHXSURBVBgZpcE/S5VhGMfx7+8+T2VI0SDVKvYSrKE/0FsIwgZpCFqiISSiIcoigkIosWyrOR16AU2NETSGZUQoiNYgBJ1znufcz3VdeUvOIX4+igj2QhemFq6fPT/+ZLMXwxGAO+GOuREeeDhhhkcQZpg7h/fn7tLS2u23Tyfmq/Ez43P7hobTsSF2Y7jbszlgvurlSL3NP+xWP0diSxUWPJo8wW5dfbxCUUU4xaA1AggPzMEJ3ANzx9rA2sDCGVgwevwQ5kZREUGhJBRBJBEK5CIlISUkQ52g44mqDQpvjaIyN4oEhASCToAL3INOQFKHSmAKLDmFm1NU4cE2CSJIQEggkCAscMHsp4d4G9w4eY/C3SiSu7FDEkgUCUgSqhIzH+7SH3TpNr+ZfjdF4e4Uqc2ZbRKSKCSBhHnL/fc3yblhbGSM0aNj1LnLlVeT5NxQpDCn6AACJCFAwPOPM/zcXKeuG+p2QN02HNh/kNWNFX6lBYrk7uwQkIAk0ZG4dfoOry++YXn1G02uaXLN8vdlZi+/ZCRfoqjWfqwsXnuWJ9wMN8fMcHcsZ9wdj6B/pKbfNmTLbKxvMD37hS2LbFFE8D/nHpyKpsnkOjMYZD6/+Cr+UUSwF38B/pkb32XiUiUAAAAASUVORK5CYII=');
INSERT INTO Photo(photo_id,location_id,url) VALUES (10,66,'data:image/png;base64,iVBORw0KGgoAAAANSUhEUgAAABAAAAAQCAYAAAAf8/9hAAAABGdBTUEAAK/INwWK6QAAABl0RVh0U29mdHdhcmUAQWRvYmUgSW1hZ2VSZWFkeXHJZTwAAADdSURBVDjLY/j//z8DJZhhmBvw41KQ07dzbk5kG/Dtgu/Jb2fsT5JkwI+bqZw/rsfYA21v+XE97f+PS5H/vx5Ra/98QN7+824ZTiIMSJr580bW/x+3iv//etD9/+fdpv/fzwX+/3LY6P/n7TIzCRtwPYYZaPvGH7dKgAb0AA1o/v/tQsh/oO0bP26TZiYqDIB+1/1+wef/z3vN/3/erPr/5aAOyHZdogMRGPIe38/7gvz+Gej3z18OG/8H2u5BvAFn7GO/Htdv/3pAQejzXjkhoO3tH7dIxY7EpEwMBgAr6O5Q8udliwAAAABJRU5ErkJggg==');
INSERT INTO Photo(photo_id,location_id,url) VALUES (11,32,'data:image/png;base64,iVBORw0KGgoAAAANSUhEUgAAABAAAAAQCAYAAAAf8/9hAAAABGdBTUEAAK/INwWK6QAAABl0RVh0U29mdHdhcmUAQWRvYmUgSW1hZ2VSZWFkeXHJZTwAAAG9SURBVBgZpcG/S9RxHMfx5/f8fPXyrMyOhGgoWrLJ4m6Ii2hrCyRwiKa2fg06aKNjLRVHQkNEtOnQUNReg5RLBJHUEhe4iEiUnj8+3/f7lR/j/gDz8cgksRfZyNjMrfMXa/dX2qpIgDtyx9yQC5cjM1xCZpg7B7rj2sLC4uTLB6PTodaoNfNypTRYZjcqa21rAtOhHVVqr6yyW+tRJbYFmRi71M9u3X3aIgmSk8zPz/Oi5yg9eZnBrpOYZxQOheDaoSec7W/xe2uAua+naTQamBtJQKKj6H3Ot83v7IunGOoap6xjRIe3v67yc+MdR0pLZFlG4oWRBHOjoy9b50Q50Nf9heg3iXEIbZ3h8+ow75cv4JvGxP6PJG5OEuSiozbQQ54fpxIOYtrgjy2xaa8Rb3BEXM/JWldI3I0kuBtJvV6nTp3E3emQRIcqQodF4u4koYiRarWKxA7xjwSSSCQQYA5ZBuU8o4gFSZA5yfVXyyTPLldZ/TRK0js8w725KZLJc1PkE3fY8egxcmfH7eYH/Y+R8RltIyz+aM3eeBhH3Qw3x8xwdyxG3B2XkBsy4XLkjjvJLNsySexFiT36C4QDM7+0SJboAAAAAElFTkSuQmCC');
INSERT INTO Photo(photo_id,location_id,url) VALUES (12,2,'data:image/png;base64,iVBORw0KGgoAAAANSUhEUgAAABAAAAAQCAYAAAAf8/9hAAAABGdBTUEAAK/INwWK6QAAABl0RVh0U29mdHdhcmUAQWRvYmUgSW1hZ2VSZWFkeXHJZTwAAAIzSURBVDjLpZNPSFRRFMa/NzPaPNSpsDQVF4JUi3YtomW0MBCchbSxhS3chAS6mJpFBYmugpjSRS5cWAQFSUmBGIYiCbYYbOyfOAqKgwgqRNF79953zzktxoEspyAvnM095/zOdy/fcUQE+zmhYomOl23J9mcXw/8N0J5u8z09+C+AU3hC58Tl+kDbVqODpkCb09UVNUeNMciuLt0b757q+ivgyuv2s4EOrteW1cZj0YOIlrpw4ECRxvsvGWSXlvpme9M39gKEN84s1xtt+o5XnojXHapDAAsWxpa3BUcc5NZz2NzYfLf+NV567lQs+8cfKN+0HnNr4pVlR6CshlYai6tZGN8inZnD4kJ2YO7ux2sAUjef5NzfARHlqabyynIoq/DN+47x6fE1rYKRQJvzRgfpD/cXrgIAszSySAJAz24Fnr7wNjOD529eYGxyDL6nR2Z7093KN0+1CjoKhcwMIk4mhlcadkkQkaLxYNJvGJjwRkUEiYcr0v8qJ11Dy6O/1uzpg6Fp5Q5OqVuW5JMlaQEAIoYbBg6XhVs6BxebixppaFo1W8Z8VYVz+2R1xLWU94klxg9FiIYBaznV0f/ZBYBIoXF4RjdYklTMdVoqDjgoCQOBFRDn89YyfMMgZlTFShrXtv0EgJ7I41njWpKEJUlWx0JueakDQwITACQAcV4BEUGZEAqKiDh56U7mUcSSzFuSRsvA6jbBksBSfjKxYKcflhgr2wpMvHMvLrOknP2u80/X2WfmmbX8IwAAAABJRU5ErkJggg==');
INSERT INTO Photo(photo_id,location_id,url) VALUES (13,45,'data:image/png;base64,iVBORw0KGgoAAAANSUhEUgAAABAAAAAQCAYAAAAf8/9hAAAABGdBTUEAAK/INwWK6QAAABl0RVh0U29mdHdhcmUAQWRvYmUgSW1hZ2VSZWFkeXHJZTwAAAJ8SURBVDjLpVLfS1NhGPYP8D6im8DKwrYhUaa1tEyyIXlRWtFFJlZQERIGUZKGI5dO7ZeUEl1YaKUYkyU1J0hE/ppzuOnUDbdpbp7Nue2crZ2J9fSeQ4LhdtUHLx/fx/c87/M+z5cEIOl/6p/DsjGnzWfIhnf0CJjhw2AGD2HpWxY8Xw/CPXAAi/378aNvHxY+p7viEhD416q/FTFfC2JLL8AvPkd0/gl+OhoRsdXDN1gsgLm4CghcE5opw6qvFeHpfHDm4wgZsxEcykLEroZ/tFQAryUcwTsij8WYZ4i6boGz5IE1HkWQxojY6xAwlZN0OVyfZClxCbzD8jMBywXEvC0IT50AazqG4Kgc3ORNcNYqeAYUcGllioQmklnhiKsavLsR3EQuQmPZCAxmitK9388RWFqRMAUCZyyPFSLGvKSOCoTG8xAcycEKOR+eeSSAfzs1e3lHdxo/17WHt79P5W3tO/nZNymMSEAxMezsbepO8y+Q484Gce6IrQ5hqwqsWUmkVQgaKhEYvosFbT4IHJl+vV30I4kyDlLGPGXMU8Y8Oc3P98p4zvoQvl4ZlvWkyliNro4iVDQX40pjIc4rc9iTd6SVm/7Bejl7JAMrhnKwEzUEvo/2tlN40HkJWkszTG4dmvqu4WyTBBnXt6rjEjg+ponSPf1FmPsgxUVV7prG/BiaqacQllp/GU36qwJBNB543KMvhFtXAHvHLr/t7Y4tBffS0Wt5hY2rZ6JZINgETnZ0SzDXmQZyum79PvPGtmi9rhS1uhIRXPulJL4CimmSYmIInLzxnh4qT6t3o0FXJnYWduG8yQP7u9SMRB+GHquoWEH2310l3P8B4M3c7jDaDNsAAAAASUVORK5CYII=');
INSERT INTO Photo(photo_id,location_id,url) VALUES (14,28,'data:image/png;base64,iVBORw0KGgoAAAANSUhEUgAAABAAAAAQCAYAAAAf8/9hAAAABGdBTUEAAK/INwWK6QAAABl0RVh0U29mdHdhcmUAQWRvYmUgSW1hZ2VSZWFkeXHJZTwAAAJpSURBVDjLpZM7aFRRFEXXffPyJokzmkSFWBiJiGBEDH5io8QmIIqFojbaaGkZSBVtbAOCpZU2IhhRLJSAEFELISIpRBB/wxgwakYnn5d5n3vvORZCjB8sdJeHw2Jzzt5GVfkfhb8O3ANTUmVQhQMi9KmCChMijKlwsXxY4+X7ZrkD98D0q3DFdA11m7Y+NOoA9WhSw9cnyV6PVEQ43X5EH/4GcOPmiLb13wo6T6Ktq/CNl0j2BXUpmGaC5k0YG5C9HyX79PDo2hN6ewlgx02HKtXCtuslCebxaQXsAuIy1KffIaKYYheF4jbmnpyJRdiw7qR+DQBUGAw2DJc0Askq4BYZv1MDycHnPLoPYmPc/HN89pbWLcMl8QwCBAAiHDLte5C0groEFcv+gy2oWNRb9vXHqGSojXGzzwjbNiOeQ0tfEKGH4kokmeVT9SstLdAUOUJy1OXYzJIuepJFWN1RAzK8p3sJoEKiLo3wjpmpORoLOXnqsVawVaEUBuAD4kTZe8qCKiIUfjjwVLBJL0T07G5HXYa6hM+VmNl3RdYYg00MU/UEE7QiPsRmvFl+g7u2NomJulAB9TnqLFGzJ2ukaJLjFhIkbBCu3E5Sq2Jz7v4AeC41XlyIcWWCaD2oQSWjvMrRtGWetzN1qvNzrD/ciRa3M/34QmwzLv0UpJkb5li4dmC0uesoFBZw9af45APqUkxYplDuxbOR+st71F+NHd8xrDd/i/L0NTMgnssreoa6o9VbCZoCEIfLPIvTr/j4ZKTiLGd3ntOxP3YBYOqqKYlnSIQD3tPncnCWCWcZc5aRXef/UqZ/0TcrHX7i2ZbMyQAAAABJRU5ErkJggg==');
INSERT INTO Photo(photo_id,location_id,url) VALUES (15,11,'data:image/png;base64,iVBORw0KGgoAAAANSUhEUgAAABAAAAAQCAYAAAAf8/9hAAAABGdBTUEAAK/INwWK6QAAABl0RVh0U29mdHdhcmUAQWRvYmUgSW1hZ2VSZWFkeXHJZTwAAAHISURBVDjLpZM/a5NRFIefxCJYSsFQsGjNEBGsVXEQFEQHxQr6BaSLX8DR2cWSSUe/haOroKUVFC24CDVoMcUUrRFikubtfe/5HYe8+VOSodC73B+Xcx6ecy835+4cZuU55JroheevtvsqcscBM8DBJeRg6mYTPF0q5vYBAE4eP4rjuMABlyMHH4JI8P3X7qiBueOeNQjcHffMJgNJjuRYOmYEs64i7khZYy9rPyQ1jQLc1C10kISLrEH9xh4wxjGAKJA5yoq6xb0sNhpLJGmTc9MvUfTRZ1QUJsfMMVO2ZzlCEgNzM/N82LlPGpMxBhHM1J+/0niAlBIUCTFyqnCW+dmrNJM2nzt3uflsb2rl8d/WAGCG2UR26xAVuLPwEHNhMoRTa2xxce46rdDhU/Vt49JyvjBk0FX2zCCJAXPxo14hVSQqJbWUf3tNLp++QSvdzb/fXK0PGTimwbMlMSFa5MR0kSjDXGw3qhSmZlnfWmPt2+pOiCzmep/p0YuKmwY3Xz92jyQEggJJDJyZOc+10iIfq+9YqazTTv8s1Mr+JXfQ33hhOd++Urw1+ebr659B3K6VfQPgwIDSk1zbdGSyIyv9Lvtm7/w/ZAmOh9Ycu/MAAAAASUVORK5CYII=');
INSERT INTO Photo(photo_id,location_id,url) VALUES (16,14,'data:image/png;base64,iVBORw0KGgoAAAANSUhEUgAAABAAAAAQCAYAAAAf8/9hAAAABGdBTUEAAK/INwWK6QAAABl0RVh0U29mdHdhcmUAQWRvYmUgSW1hZ2VSZWFkeXHJZTwAAAJBSURBVDjLpZNLSJRhFIaf/1JO3lAbZyjDbpiXRC1FFFsUtJSwhMBsFy3b2CZaRAiuWre2opDCBCtalBl5qzSjhAwkqlWljRZizuj/fee0mHKmaFF04PDCd+A557wfx1FV/id8gKvDX8+pctKqbBERrIARwVrBimKspKXFGsWKTHQdL6n3AUT1VGt9TvhfOp+//qZqbQIrEgbof3sZIwZjDYEYAhuk1Jq12pnGLoLAZqQBkj4cqzjxV92/JQyBsSkPrBUAekbm/gpwqK6A1XSA+QEAaNsX4cboLEebomtvg6P3KcsYJVrVgbc+l9hi4tcJAiuIKr4HNx/P4XkufU/mcFzwNcHOxF1C0SaejfYwn9tCeVEmq0ES4P5cQQHfc2htjOC7cKQhwuH6CE0bx4kU1ZG7aQ8FyyMc2LGY/FojKUBgBRXwXbgz+RnPS+q9p1N8mu4nJ5yHXbxFuLyNqaFurDEo6QAjqCrrPGiuLSTkOzTvDbPbGSBa1gKJ54xfuUZ2XpyMhQns3DhZGX4KYCRJ81yHgZcxAIbHHhIsLZCTv4ysvAMV7NIE2/d3EJ++hGfjaQBjkh64cLA6jO8aovO95BXXIMtTqMSpbS1FVj8QCs1QuK2JamfwNw9UqSzO5uNCnM3Ljwjll5CZE0PNPDgek30zgCCJGQp3baVs5QFDnZUVjqpyuvv1iAlszaqVrMBY2vUsDe0X8dz3qPkCpF+si7ehlNlXL5i53dnr/Omcxy7UxtRKpoqiImmpa4oIqjr5HZAwT/Ha9ghQAAAAAElFTkSuQmCC');
INSERT INTO Photo(photo_id,location_id,url) VALUES (17,51,'data:image/png;base64,iVBORw0KGgoAAAANSUhEUgAAABAAAAAQCAYAAAAf8/9hAAAABGdBTUEAAK/INwWK6QAAABl0RVh0U29mdHdhcmUAQWRvYmUgSW1hZ2VSZWFkeXHJZTwAAAF7SURBVDjL1VM9a8JQFD3PiEGSCO1ih1gnB0EkdCkKzp0E/0IHIRQc3bJ0LTh28me00CJ06SSddGmQGKpYHbQGVEz8wte8QIqQoYND6YXHvXC5h3POvY9QSnFMhHBk/D1A2C80TbtzU9X3hGX/bbdb1Go1UqlU6Gq1Qr1eJwEGu92uWiwWkU6nkUgk0Gq1cKtmoF29Qdd1qKpKJUmCKIoolUpGgIEgCGi321AUBbFYDPl8Hi/vQzSbBZTLCpbLJQaDAXieZ/V5AIChZ7NZPPRP8dxjxCIonMm4SKXQaDSQy+XQ6XQgyzKTFAlIYMjRaBRPZgizPY8ZeLx+CeA4DvP5HEy74zhYr9dMbnALtm1jsVi4pu1BmUUcAQ0RjMdjr/crwHQ6hWmauDyxIBEHIrGRCfdhGIY35A+zjRxe748Hk8kElmW5G/jEtWsiY9PTe/gYDhGPx71eMpn02DCQAMBoNLp3ad50u13i736z2XiZuX94F248+nPk/3+mb7TL1kbVXJ5aAAAAAElFTkSuQmCC');
INSERT INTO Photo(photo_id,location_id,url) VALUES (18,29,'data:image/png;base64,iVBORw0KGgoAAAANSUhEUgAAABAAAAAQCAYAAAAf8/9hAAAABGdBTUEAAK/INwWK6QAAABl0RVh0U29mdHdhcmUAQWRvYmUgSW1hZ2VSZWFkeXHJZTwAAAM9SURBVDjLdZPrS1NhHMcPREH/QC96nxURWS+iktC8bEt3skHoi95EbYk5KStqdtPGLKcuczSELnYhK0bzhpfK5nSZed1MPZtzzpq3pnN5tOY2p+fbsxMEUj3wgx9fvr8Pz+X7UACof9VwPb1juC6l2l6T/N5WJdr9P99fgqPxyCYyrLLXpczPMg/xrbcQzOukH0P6xJLBl/Gb/wsYaUpdT4Zlw/Vi55RVi5XgNLilCSy6qhGYrIO79Tw+P4/92v/soNz6JGbjGoCjKVXgaDhi/tpxA4Hvn4m0BHAswr4ejBiOImAvRsitx6JNB2fdSVge7e/su7+X5gFk+LGjgeZ8jkr4vQPwjbVgrIsYP6hhe3MOrreZ8Nvvwm/NQ9D5CMsTesx1q8C8kKBHt+dF5LLCXNCNkLcPvgEtvL0qTJnOwlmbhs57MVieswB+BzD7FtwXHcBcBiYrER5VoUu7K0yRy2JXg+PAjyEsT9ZgwXoL/v48UgpM1op5DTONgPsBOJsCfmMcZhoOYoG5i87SnSxlqznMri4RwM8RAmEArxEBRg1/VyZm6sUIj2iA0RKE2kWYa9wHj0kET3Mq2P4SfNLsYCnGIGRXeIAdWCTbne8kkHcIO7VYaEtDyCwCa4zB3EchZoxJmG6Ix3StEN+7C9FRtI2lyPv+BpAjgO1CYOoNmqu10JQUoqKiAkUFl2AlRxltFKJIdZHXim/no+aBAibV1gVq8FV8iAt/Iy/nwrK3BRW66ygrK4PH44HL5UJbWxvuqHOhU8vhGGZ4rb29nfcoTx9YoQYq45pHjZexNGVC67uXuHpFAcvgIArz5aBpMWQyGbRaLXJzc/meFouRf/4ED7l08VyYIsnaQJIlI+FwKi8cw60CFQ8IjldCJEyA0WiExWKB2WyGwWCAICEOLcot7ghAqVQG/kSZJGtTzvHopuwzUi4CuHnjApISEyEQCCCRSPiK9Anxh1bTjh1tjQAyMjLm13yM7WRJUsVjpRp16PWrp6iqqkJ5eTlycnKgUCj4PqLp9XqfRqOZp2navgYQFRW1LjY2Njo5OfmLTHoqkC3PXM2Wn+GuZQhK09PTE7KyshZJBaRS6c+IJ+L9BchY24ysm0a5AAAAAElFTkSuQmCC');
INSERT INTO Photo(photo_id,location_id,url) VALUES (19,55,'data:image/png;base64,iVBORw0KGgoAAAANSUhEUgAAABAAAAAQCAYAAAAf8/9hAAAABGdBTUEAAK/INwWK6QAAABl0RVh0U29mdHdhcmUAQWRvYmUgSW1hZ2VSZWFkeXHJZTwAAAHoSURBVDjLpVM9awJBEB2DKIoocoI2goXVgVhoYam9bep0XqX+DU1pZ6EhpZ2FYGsnot2BqJUgaiGCd/j9tZlZvc2ZjyZZGPZmb+bNe49dC2MM/rOsXw9Go1EcQdMYSYwIDbheryruLdwb0Wi0Z663mBlgs4J5TpIk2el0gt1u5+f7/R7W6zXMZrM+gpRisVhZNBEAxXA4VAaDgYbFjBbtuq4zTdPYbrfjZ5vNhnU6Ha3dbitGH2dwp/0eCoVkmrparQSweYjP54PtdgvdbpeYvKRSqd4TFWCSJtpGc6FQgEqlKpqLxVeoVt8AGQFJCwaDMrJJCxPJMPpBWhEMboPZ/ZvxbwMMG8Hr9VJtks4MBhGafjgcHigbAIRhnBGAy+WC8/kcEQBmrdR0+3402VxzPB7hdDqBmYFK5thstjsAExI+81szSV0ulwSgCoDL5dIigxwOBy+SJN+DBHLfYEE10+mUJLSEiai9MR6Pn1Gb7Pf7QVEy4p7QBcpkbrnb7Yb5fA6qqvYxbQgGiUSih66W8JLoRM/j8YDVauWm0k5BzXgTodls6uhBCUF7365yvV5XUFsuHA7LgUCAA6E8WCwWMJlM+GTMS/l8vvzjW6BVq9XiSDuNQPwxoVZuMkYLmTSy2ezvj+kv6wM24KX3CYk6PAAAAABJRU5ErkJggg==');
INSERT INTO Photo(photo_id,location_id,url) VALUES (20,67,'data:image/png;base64,iVBORw0KGgoAAAANSUhEUgAAABAAAAAQCAYAAAAf8/9hAAAABGdBTUEAAK/INwWK6QAAABl0RVh0U29mdHdhcmUAQWRvYmUgSW1hZ2VSZWFkeXHJZTwAAAFUSURBVDjLY/j//z8DJZhh1ADiDXBvPvjftWHff6ea3f/tK3b8sS7ekkaSAS51e/8fuv7+//6r7/4vPvDov1nu+rckGeBQufP/nsvv/l989v//o3f//xulr/pPkgFAJ/8/def9/6WHHv+/D7RbN3EpxIDr8ws3XJ6d8//ctNT/JybE/D/UFfx/V5Pn/83V9v/XlJj8X5Kj9X9emiLIyf+P3nj7f/aeh//3X3n9XyN6AcQAkOZn51fD8aOTC//f3T/5/82trf+vrq+BY5CTD1x583/vpdf/d1189V8lbA7EgHhf2/+x3lb/oz3N/0e6mfwPczH4H+Kk+z/IXvN/gK3afz9r5f8+lor/tayD/mtaBf7XsAj4r27u/1/NzA8RBpqamvdSUlL+5+Tk/Aeyv+Xn5/+PiYkBsfcihwNMHbIcTMIGiI+BBIE4ComtjmaADbrcwCdlAI+lwaKCJjy7AAAAAElFTkSuQmCC');
INSERT INTO Photo(photo_id,location_id,url) VALUES (21,37,'data:image/png;base64,iVBORw0KGgoAAAANSUhEUgAAABAAAAAQCAYAAAAf8/9hAAAABGdBTUEAAK/INwWK6QAAABl0RVh0U29mdHdhcmUAQWRvYmUgSW1hZ2VSZWFkeXHJZTwAAAHMSURBVDjL3VK9S0JxFBWChvoHinap4UG6RIsihYMfiTboUFGhPVIbxAJFG5TEKM1U1CWENjEUigiyHBRnicrCwaIlXPqggldRnd6VkNqMti4cfvede875Xd57AgCCv0DwjwIkEkmn2Wxe8Pl8t8lkEm63+8pqtQ7w6OL7GnE0Iw1pfwSIxeJ2lUq1Eg6HUa/XUavVUCgU4PF4LlwuV7FarT4TVyqVQBrSkqcZIBKJRux2+32lUrk1GAx7SqXyzWQyIRKJwOl0gnriaJZKpa5IS57vG6x4vV4uGo2yGo2mQyqVPubzeZTLZRSLRWQyGRBHM9KQljzNAIZhZlmWvYvH4/M6nW5fJpO9yuVyaLXaBqgnjmakIS15mgF9fKnV6vNgMHiXTqdvstksEokEbDYbHA5How9t+mCLjX3MrGlg8Mreh+eYcDNAKBS28Sv2KxSKS6PR+GSxWDgeL3q9foLH0OzixItnawq7pzEcXecQOjBDH2IwYOkOtPStx/3D3PbJOrbPIqAKHJoQOmQpgGspQOUSYe90A99r5zhGAa39bYPWHm41Nw1/brJh9u9P/m4DXrg0GuhFMGds3EwnPbf8Dr5Clnk80Npf5zLxn1E7ljyteCJyAAAAAElFTkSuQmCC');
INSERT INTO Photo(photo_id,location_id,url) VALUES (22,62,'data:image/png;base64,iVBORw0KGgoAAAANSUhEUgAAABAAAAAQCAQAAAC1+jfqAAAABGdBTUEAAK/INwWK6QAAABl0RVh0U29mdHdhcmUAQWRvYmUgSW1hZ2VSZWFkeXHJZTwAAABjSURBVCjPY/zPgB8wMVCqgAVElP//x/AHDH+D4S8w/sWwl5GBgfE/MSYU/Ifphej8xbCLEaaAOBNS/yPbjIC3iHZD5P9faHqvk+gGbzQTYD76TLQbbP//hOqE6f5AvBsIRhYAysRMHy5Vf6kAAAAASUVORK5CYII=');
INSERT INTO Photo(photo_id,location_id,url) VALUES (23,22,'data:image/png;base64,iVBORw0KGgoAAAANSUhEUgAAABAAAAAQCAQAAAC1+jfqAAAABGdBTUEAAK/INwWK6QAAABl0RVh0U29mdHdhcmUAQWRvYmUgSW1hZ2VSZWFkeXHJZTwAAAGXSURBVBgZBcHPi0xxAADwz3szfoxRGqzV7C6hVhwcJU6Ii5xxWBJFDuIitaX8FViExMVNIoe9IAeSH+vHJqsVOWBmlpmdNzPv++b5fKIcMLU5HMp2/xttLUrm5p+1bp5+DEQ5PhSz8ezs4LKypodKhs2E5v3o5JnfRLkPC7LrlbEBsY55P701Y70RX16U9h39E+XeXlh+cbWgLxXJJWp6lqibupceiN5szF6tKk+KbLVOoi3R1dNUNuvb/jiMrSxf8sCMr/oymUxHW+qXqt6pOOzp+2yJlo/m9HR05L6b1FSQbiuGDU11bX/l5sUSwbSb/qk5qFeI03jAiJqKIxZq6/nkqjreq0sV0x8LK+Me2WlASx9z2mIULRbE6ZOGQQes0BUEHcOWiuTWKUnfxent130SqSCV6olUlVTt8kW4HOXuXhs9tkZNQaJpXksiNaTn0fOwu0h67sWm+vbPGtYakiuoqGh4OJsdu9KJcpyvdm8M7a1oKNmhoGXay6fh5MRHohxw4nD3eLolL1ZD1g9T4VZ2Z6IL/wGvx8Nbuo22qgAAAABJRU5ErkJggg==');
INSERT INTO Photo(photo_id,location_id,url) VALUES (24,30,'data:image/png;base64,iVBORw0KGgoAAAANSUhEUgAAABAAAAAQCAYAAAAf8/9hAAAABGdBTUEAAK/INwWK6QAAABl0RVh0U29mdHdhcmUAQWRvYmUgSW1hZ2VSZWFkeXHJZTwAAAJdSURBVDjLrVNLaFNBFB0XWYiusnPhwp0bCy6kumkWRVQQFF24kdqKH1QQQcWqq67S1mpaa1sFqeALLmqlbWgLxpY0/5BoXmrSkJT8P9IkbRKbRSC/49whQVERQQcOl5k359xz733DALB/AfuvAsFgsI1DCgQCkt/vl9bW1mZ9Pt+s1+uVVldXJY/HI7nd7rZfBNbX1zs4MR6JRLC5uYmtrS2BfD4vYi6XE8hkMuCicLlccafT2SEEOLmTkxuFQgG5dAIf56dgmBzGXP89vOu7KaAb6IXh1Qg+LU7zO0lks1k4HI6G3W7vJNsykavVqrioOX3oj9AN9qJUKgkRq9UqM25ne3l5GY1GAzUuon8+AO2dCxg/34mRM4cFJrqO4s3dHvEtJDtRLBZFSWaz+SvTarWpjY0NlMtl1Go1ESuVigA5+x142QiHwzCZTGE2Ojo6heYia7z7IMFW4whkl87i8Th48wSZTworKyvDTKVSHWsJ0EU+NoRCIcRiMUSjUdBkKKO08AK3J7pw5ckpdA8ch3ryAQwGw26mVCqPtLITmUjJZBKJREJkpP3rhXH0ve3BvG8Mni96aD5cxznNAbTf2DPEFApFO88g1+t1YZcI6XQaqVRKgIR6Bk9gzstH638qnA4tXYZm6SoJlBlfO0lkZmbGT1ZlWRb1ElpCJx8exKLvJX5cus9jJND8HRnbwbHLaDRO89k2qG4aVesvVN3ah0f6i1DruwVZ/b77u4OfH4fNZttrsVhqfMbggtQo3H92DWeH9uOx/pLITJH2ogd/++r45X6ObbLdjP10/g1HrwhirOEKWgAAAABJRU5ErkJggg==');
INSERT INTO Photo(photo_id,location_id,url) VALUES (25,19,'data:image/png;base64,iVBORw0KGgoAAAANSUhEUgAAABAAAAAQCAQAAAC1+jfqAAAABGdBTUEAAK/INwWK6QAAABl0RVh0U29mdHdhcmUAQWRvYmUgSW1hZ2VSZWFkeXHJZTwAAAE3SURBVCjPhZFfK4NxGIZ/R458Dz7B7wv4Go5WpJW8819mSw3bos202DsTNpT3FTbCRs0YkYPFasvKJhw5kpVEu5y8W0uZ7sPnup+e+34EorH+HIRZQsXfLtKkOSPJCXEOiLGNxgarpPniGW9WnPPN5y+9E3p5I4+n6DaLFHmeuOSRFEUSFNgjj04WDVcbQiCOuWBfnrIlE0RkjKDU8ck1VBytCIE45JYkD8QpECOHTpYIGVzYmo0UO5Q5IiyjqFLDKyNMyUVs1GJq1mvuiZJjkzvCZAhyw3ClrocVQiwwhwc3E4xjZ5f+SoOihpr66Hk1gOWWYGAeHzM4cWBnlEF6QZjLBqBaEbPKdMmpVP0WpbtkVjo/DMBv9aJzxTo2RhjAQoA0fkyFuhsmGWestqFL6cDEP9+s6gcdbFPqiEGjeAAAAABJRU5ErkJggg==');
INSERT INTO Photo(photo_id,location_id,url) VALUES (26,40,'data:image/png;base64,iVBORw0KGgoAAAANSUhEUgAAABAAAAAQCAYAAAAf8/9hAAAABGdBTUEAAK/INwWK6QAAABl0RVh0U29mdHdhcmUAQWRvYmUgSW1hZ2VSZWFkeXHJZTwAAAJmSURBVDjLjZJdSFNhGMdXW9BtdxEEeRFMJKiTladSajoqSOnOqy5CgyIkKFDLyI/Q5sZgRYpQFtJNpYgIkm5mVFpTc7Cw47Dmml/RZufs65yzr86/9z0qrVLrhf/N8/L7P//neV8NAM1GmuspaiXCilr/vP8vOB2fUbWWyb9h0YVE8CFSkSFSVlQTX6fhwYYGmXD8qxWJpY7V7qDH18HC2cK+3MhAjUxhef4m4t/uEQ0um3QZoKR5eNsY1WRdAxqZwqoW6lWTVHgQ0WkLRO8p/Ii/wrRtL9ZPIH8kCZp/mahGDYhwJxBy5ZHxusHdyF4T3kx3EBi+TIA6hN35ED+dheS7iOjUGQgTuUgJjeBqs2FvyvX8/d69RgRGKpHku0g3lsDFpPt5RFxHIYwyKjxVnwOH6cDkb0uksJIOkzkdkOZrEPqghzh5CNKXW5h7WoDZZ2V4d24XBg062E9vTQ4YtdWqQeZPSwQ6EfWUkE45iHL5kP1mjJkZfqhCv+S+mge5zwqF64f45ArGL+1J2wt1FSudQyRyD2KeQvBOPWJTxyHPNmPcwnzvNeU9HijSeiUC424xULUNaMpC0HwMpD5DDSJJwUGWxYIf0UP6XELgRoxZGL7Pwt6nMUlsRZnoRuYRarfTcZTlN4+9RZgrJAs7CdHfAKdpX+i5lW1b3Q+Zdy7WXgYQKF6pAU/kv6AFqc9r/F2GCTk4DMlfC3nxEUbNjGC3Hb6T+bRvSnfUjZbvTi1WZSFwbQu85ZvwoliX7jdqr2vG2gtq3K0HF97b9gfpzK9bjtxe63MNl+6sJh19NDZNRGFa/wllZefQFCrWMAAAAABJRU5ErkJggg==');
INSERT INTO Photo(photo_id,location_id,url) VALUES (27,39,'data:image/png;base64,iVBORw0KGgoAAAANSUhEUgAAABAAAAAQCAYAAAAf8/9hAAAABGdBTUEAAK/INwWK6QAAABl0RVh0U29mdHdhcmUAQWRvYmUgSW1hZ2VSZWFkeXHJZTwAAAHvSURBVBgZpcG/S9RxHMfx5+fuq10d/SJKQ+rUaLoWw60bIoIgaKhBpDksDBFbCooQiqAlURCp/gIjHIQWa4h+QDRYtFhDqOEdSqCSelbfe79f+UUEg35Jj0eQxP8Ip7sGLxaONt+eLSsrAe7IHXNDLlyOzHAJmWHubKuOl8bGipeH7rT0R81HmvuqMtlUTYaNyC6VrQ/oj8qxUuXZRTZqOVaKFZFMXDtTx0Z19E6SiCRHEiIhEBACb0ZH+Z3DTU2YG4kICTOjrXeCNfc760kUCgV+ZXFxEa8YicjccIm7HTkIAgVc4k/cHTcnEcmFmxMCyFkhCCKfzzM/P4fEOgEQAXA3EpG74W6IVYEVgrH3Y/xkdBh7PURl+hPp3bUc2nwMOEVUiWPMjM57M6zpbashUSgUSEwNDzBXfMXBs+1sasiz/G6E7PMnPD5e1RHJHHen59weQCTcnfXGH/bQ3HqBzMen8OwmW7bvoCGXY/SDuiJ3x12AEwCxqrHxAKVSCQh8L02QqW2Ak5dYE3XvJe2hPiqOTz64MRi3uBlujpnh7lgc4+64REtmJ+W3j8gOt/NteZoysPAljaUpBUn8zYvWuu7qrdmr+3ZVoig1xcLnChMzaYu/6nqQxL942br/ytJs6XzaQs7SKgoGToxUbv0ALswWDRrf9Y0AAAAASUVORK5CYII=');
INSERT INTO Photo(photo_id,location_id,url) VALUES (28,41,'data:image/png;base64,iVBORw0KGgoAAAANSUhEUgAAABAAAAAQCAYAAAAf8/9hAAAABGdBTUEAAK/INwWK6QAAABl0RVh0U29mdHdhcmUAQWRvYmUgSW1hZ2VSZWFkeXHJZTwAAAKnSURBVDjLjY9NbFRlGIWf+zfToTMFWjKUQrTlJyk1FBYYlI0KkuimceHKsGGhG2JcGKNxRySBmBj3JG5YGMJKF5poNRAbfxJDCy1UsJZGbaCddmY6c+femXvv970va9ox8SRnd/LkPI6qsjnp7PBBFb2pyqCKeCokKjqPcKH3xeWvnxqr6pa2Z54Js8dXVeM51davqo1JzVavanNq6K/NW58uUStFf8dx6DwCU4esjpsvIUYObN52BYgFSZZxsg3QDra9BImLNVt1/+OBYpu3yFa/Q5IWEjcIBk4gBv7nA8HN7yXoO4wmK0iwDVHBGtkKSGae7VPReRUZVMFTq4mjDib8A1ObQzstbBxS2D/eXUGsfOyXP9gb7J4A7YCN8lm0SPzgAoVdJ9GeFbx8HdRgM7oB9EO//DqYJtgm2BZ+oUwWVfHcebQdYqOQwCljsy4K1gASoaYFmiLJGqRtjBFy2w+iPRVsvsbNapEbG6dofv6GhnEj3GjVPv320p2LvhjBRgvYjWkkXUWTf/H69mNTJandR+OIH1Z7udvr8/JLr7Cv/xA37n1V+u3u1CdnPxo87tpMcYIBvMIIfu8ofvEYqMVkSn7nIXL9e/hmpcSx0aNY13J0zxmsk/HCkZP8HbkTrjWC47qYeAHTnMU0b+MXn8OkShatk1YrVMIagVNk4vC7ALx/+goHyuNkiuPajOvt9RmC0hh+aYyg/wRx9SFevh+7bYie0VcJwzXuPfqFy5PnALj8/TkWK7N4DtZ7783CPjfX95rbU8TxHbK0Rrj2J+Hywo+Nf+7Xqw+md7Uhmq5X88O7h1mPl2lEFX6+M8VQO/7JeXhtYEQM74iVM9ZyRAxzYnVSLFfGz9eXAJa+2Dny2WLuy9mW93wqeDkHO1Ywv7+9o/PWEyzemnF7ZfggAAAAAElFTkSuQmCC');
INSERT INTO Photo(photo_id,location_id,url) VALUES (29,5,'data:image/png;base64,iVBORw0KGgoAAAANSUhEUgAAABAAAAAQCAYAAAAf8/9hAAAABGdBTUEAAK/INwWK6QAAABl0RVh0U29mdHdhcmUAQWRvYmUgSW1hZ2VSZWFkeXHJZTwAAAJYSURBVDjLlZNdSFNhGMcH3nrl3ZAgyr4YoiPTNXJ30UVBUOTGXGVin6OLLrqQ6KIwJrm2KBUjE5xRaEnNpuZxpLCLpG7KHbfpprPmPt3a99r3v/cchxi5Wi/8eDnvOf/f85z3nJcDgLMd/pnGsnX9EdpHCQ2e94fLij3HKXaDhHvC9D2Evt6Fe7zh6n8JSLjCSwkjuXQY6eACXGOHAmtvDlaULPBOCXURSzfy2SjyaTdCRjUcr/m9JQlIuNYzKcghl0LK2430+gCR+PFtuCa7+qK69p8CEqZj9mGSD8A0JGLJxmmEzRqsDPEMfxV4JgTSwNwNIJ9CzHYOCxoRS2xRhnwmAOf0FVj790q3FZBwuUtX7//pm0Mu7UJs6SwWBhtZImYxstGPiDlmsfikas3Su6v8D4HrXf1IaF5JKvmQdHUTgQzL2mMFQRPiVhlyyRW4Z2+DVu1Q/CYg4Sqnti6Tz0SRiRiQsMlYQcLehvXPYkRMZ6CbbMLNvmZcUp3E+Q4RpO081abA+bbuU9j8jGycG0lnFxJWKRE0b77C6Ngp3Hl1ATq6B19cFNTT1yBWV6NBzlUy4eOemVbyzWPkpxlHfEnCErWQymYJqS5B6/2j0BofQmt6BGYo9Reh1l+GQM5NcRyjfEfc8YEV5DNBwo8NssENyNqJW3xM0P3YOsbme5gOwPk+UqNZfVkN+3MelgcPwDawD0tP92CxbzdMj3fCqKyE6HoluqhWKKgWNqyYamE7EMq52aKHaSukUsdp5X48oNrYyszMXLN7UIqgIOkkRJi2C3Mns/4Lp3nrFHdnUnEAAAAASUVORK5CYII=');
INSERT INTO Photo(photo_id,location_id,url) VALUES (30,33,'data:image/png;base64,iVBORw0KGgoAAAANSUhEUgAAABAAAAAQCAYAAAAf8/9hAAAABGdBTUEAAK/INwWK6QAAABl0RVh0U29mdHdhcmUAQWRvYmUgSW1hZ2VSZWFkeXHJZTwAAAG5SURBVDjLpdHNa9MAGMfx/BtBvO/i26XBw0DEocLUSift2Lp2LupYFh2CVLA6rIMVmqaiqxDZxaJQNehSspCksdYXRNGJzOKmNz0IDpRSvH+9SBVEaNgDD8/hgQ8Pv0cAhM30fxfl5k8KfpvZ2gYz1S+EBgpem1etNk9XfpBeXA8PXFz6RvP1d9xnGxwtvg0PqLc/kzLWiGor7L30PDyw6RABwXEcLMuiJ6DRaBAEAZ7nYds2pmlSqVQwDANd18nlcmQyGVRVRZZl/gFc16XXs5PJJKEzOLMwnD29kOic1I8wPLenc/D89iwgCDNPJlAfp5l6NMZkfaQrp5aHSFiHiN7bT8I4wOX749itMu+++pTqU8RL29hxbivCdCOF9cnk4ce7TLjxLhBfGuTGGx3t5RVG8/uw3l/F+nANAC04QSk4RWRaRJisj/JgvYq5dofU8lAXOFwdIP9ilmzzLIMXduG0Fvm7aqtlJEVEkN0E484xxuwYI7VoFxi41U//zQiR6zvZrW6h4B9n3k8DMO+l/1zQS4CSIs7FtD6KvkxttUzRl4lpfUiKqPX8BUkR85IidiRF5PfMA8IvzWTWMhb2/CMAAAAASUVORK5CYII=');
INSERT INTO Photo(photo_id,location_id,url) VALUES (31,37,'data:image/png;base64,iVBORw0KGgoAAAANSUhEUgAAABAAAAAQCAYAAAAf8/9hAAAABGdBTUEAAK/INwWK6QAAABl0RVh0U29mdHdhcmUAQWRvYmUgSW1hZ2VSZWFkeXHJZTwAAAEGSURBVDjLpZM/LwRRFMXPspmEaGc1shHRaiXsJ5GIRixbCr6SikxIlqgJM5UohIiGdofovHf/PZVmYwZvTntPfjnn3txWCAFNNFE33L/ZKXYv+1dRgL3r7bu0PbucJp3e4GLjtsrXGq9wkA8SU7tPk87i/MwCzAyP5QNeytcnJl46XMuoNoGKDoVlTkQhJpAgmJqcBjnqkqPTXxN8qz9cD6vdHtQMxXOBt49y5XjzLB/3tau6kWewKiwoRu8jZFvn+U++GgCBlWFBQY4qr1ANcAQxgQaFjwH4TwYrQ5skYBOYKbzjiASOwCrNd2BBwZ4jAcowGJgkAuAZ2dEJhAUqij//wn/1BesSumImTttSAAAAAElFTkSuQmCC');
INSERT INTO Photo(photo_id,location_id,url) VALUES (32,53,'data:image/png;base64,iVBORw0KGgoAAAANSUhEUgAAABAAAAAQCAYAAAAf8/9hAAAABGdBTUEAAK/INwWK6QAAABl0RVh0U29mdHdhcmUAQWRvYmUgSW1hZ2VSZWFkeXHJZTwAAAFFSURBVDjLfZNNasMwEEafHfcA7coUsigEssmZep2ue5VCobfIJgsbuklLS6DrLhJrvulClpF/0gExI8v6ZkZ6Kk6nk0siH2Y287vdrmDBKjOjruulNdwdgMPhwDWrJAGQ/HRzWZaY2XWB6WLamMdT8cUKAJ7ffobY3DEDNyHVvL5/eBCEYDw9PhSzCooifru/vcEdJJAck0dv0b9/hXkLTdPE0/Y7TOByJDAJM5AJ60XO3bjlarvdDuW8tN+eMsl82GQSMjA5XedjgXwSJCwIE1ifNQkl300ryCddJ7rQZ3Oh4ASlFuJthOC0besJsLHAxQihGmUcWupHMGez2QyAjQTOF9F8/qLQt2Px2mJFjguciHsCrMjBye14PPp6vR4gmgK2Wq3Y7/eU1wjLAVuiE5ifQW45YAmypX/+FRgA65/1NJbEH0d3cad+jVEKAAAAAElFTkSuQmCC');
INSERT INTO Photo(photo_id,location_id,url) VALUES (33,61,'data:image/png;base64,iVBORw0KGgoAAAANSUhEUgAAABAAAAAQCAYAAAAf8/9hAAAABGdBTUEAAK/INwWK6QAAABl0RVh0U29mdHdhcmUAQWRvYmUgSW1hZ2VSZWFkeXHJZTwAAAHHSURBVDjLpdPNTuJQGAZgL4FL4BK4BFcuNEZ03Mwk41+MMbNQok7UqCkGJWrGiZKiYJXKERgLpUVEIagcULSTii3KxC2X0Et4bXcmisq4+DYn53ve89sCoOUz9WJgnJXs7nBeJrlb8NlbBFKKMelL84PLcfu7wJhPcnDHipEs3SNz8wipVEPq8h/+nOnYjJeNb+6Y402Ala7qyeIDhEIVfunaWODydC1arB/kNERzOqbYLG0I/FgXnbEzDfJlDV5S0PuXBJs1/pWJ2ZZ4WuczFbAJBT2TxP4qMLKWYA4vdETMtD6PMPB8Uu9MtPXLFGG6XcTVNRa2vQoMeeOuSF7DQVaDmepq+ha+ewQHl1YRv3jAr2jJaBrYEhUzXYdYqGEnpeJ3rGxCZaySMkaWU/RdgE1cIyirIKfWid9jW1TN5it4+RIGFz8AWNU9QZxs4i+2kyo6R0NM0y9xdCVN944q2DxU0D4cGvgw4BwP22f8+bpPUEBOquDkO6xHbuAOUjABivktijl/AR3DPN9wBdZeSaaK/WMdobSGvSMNu7IGTrpD0KyAWMG07xwNgX5Gph6u+CJ11myyGqc3zvFz4w2grW/H9j/f+Qn6r94u36IRBwAAAABJRU5ErkJggg==');
INSERT INTO Photo(photo_id,location_id,url) VALUES (34,60,'data:image/png;base64,iVBORw0KGgoAAAANSUhEUgAAABAAAAAQCAYAAAAf8/9hAAAABGdBTUEAAK/INwWK6QAAABl0RVh0U29mdHdhcmUAQWRvYmUgSW1hZ2VSZWFkeXHJZTwAAAMxSURBVDjLTZNdaBxlFIafmd3tTmYnJU26TYgNbZoQ7GIMBH9iNQj1QimIFCL+EVEQQa+VXBQKBfVGIlL0QtDeBFEwFSlN0EaqgkaQ2tYG89OYxiaN2d1ssplNZmfONzv7ebEx9sC5fB/e874cQ2uNN26YwGngJCBAf+qEFu4ab9xoBi4BAfBy6oSeAzCKX5MA3k20vfTinvbX7vEXP8vPrrrzX9nnK0D3jn5qoPycmWlrycSTTYbMvvMXMNBwUi8buS84ZR0ZfNM69HxraXF08/byXPz71guOk4yoS1QB8EMT5Xsczw6UDx99hlhU8sozw8tAn6kE07AOWcX50c35hTlnsu1Lp71e0ej7yK0NvPkNnJJHS/0erjYP26uLk1asqa9R1x11lHDEWPiE/tCwP103Ow/+0vGN3WbHSZYj7u9spGGvicZgw434bXaNsC5GauM893qjktienk7q0guG1pq3z118P9Zw+K2OZocG0Tx7vJ2i61LwfNpaWwCoaPh8fIGqo8nmVyl48fc+fuWRUybAaqX1waqG6pbivq4myhVNIpFg4rtvKbkuoQiXJn4g07UfN+/jm/twVfJRgDiA+F53RRm4UqWpqQ6JNCnb5s7SEhOXf2Lqj+s88eRT7Dtgs1bw0Q0JxPe6dwHK9/DKSfyYgUS13vLuFinHYXstR+fBVm7duEZ2ZYW0FIndWWd/GDaeOXP5d3MHMFXaKmPEqyxmy0SGCaZF7wN9xEyDTCZDV1cXxWwWQpdMJkNPTw8i0mvunPBjyXXZCIRfr+VIJCFlJXis/xhhGFKpVAjDEK/sI0pQSiEiiAg1B4F30V3/Z3pmaZ1cMce50Tlur2xiSIhSandFBN8PdsUiUsvg57NvXHn49eGzHanND6YWK/b6lpDN5YlVTQ7cJQ5EiELRSilDa/0/AODDV4/drK+vt/OFYnR69GZsxrAxYxZPp2uAMAwxq4qqjgyR2p8ppWqAsbGxNHAhnU7jbbvudvHvj6Kqfhzolr1mo4gQBAFBEGittRGGIVprlFIYWmtGRkYc4ArQDvQODg7++Z+zoaGhG0qp7p0wJy3LeqhQKMR3gr36LzexzEk6GOJQAAAAAElFTkSuQmCC');
INSERT INTO Photo(photo_id,location_id,url) VALUES (35,20,'data:image/png;base64,iVBORw0KGgoAAAANSUhEUgAAABAAAAAQCAYAAAAf8/9hAAAABGdBTUEAAK/INwWK6QAAABl0RVh0U29mdHdhcmUAQWRvYmUgSW1hZ2VSZWFkeXHJZTwAAAE0SURBVDjLtZHPSgJRGMXdzmPM88w+gqBF0KZF0CIIstkkhVhSIGFYYWHSHxKmCSdhYAiCIEJTk4ibNJbUA1jjXDenMy+gzkSLD+7i/s4533diAGJ/mVCfs05fzdieEVpg76avENYJe1uVH4QSIKwRFqUHH3ZzgI3y93gC+VtfJWyc3fuw6hL2k4T1KJG8GiFQuJMKYZ2wZ9YknNYAlYZEmW+zKrF22RsuQFgQBmODOyPYOYgdOAdwwughcgsja1w56WocwcFy8QNLhQ4WD10sHLQxnxOYy75gNvM8PAFhhbBO2Nu1PlF0vrB/3cWO+Y70hYuZ7dZ4K9BZpbOROHWxWeogdf6G1eM2ptONcDdgbI2xRfzoFfG8wFSqHv6IjK3QWSfsTSZr0VsgrE6sV43/qzHK/AJ0lPqXO1KzBQAAAABJRU5ErkJggg==');
INSERT INTO Photo(photo_id,location_id,url) VALUES (36,15,'data:image/png;base64,iVBORw0KGgoAAAANSUhEUgAAABAAAAAQCAYAAAAf8/9hAAAABGdBTUEAAK/INwWK6QAAABl0RVh0U29mdHdhcmUAQWRvYmUgSW1hZ2VSZWFkeXHJZTwAAAGsSURBVDjLjZNLSwJRFICtFv2AgggS2vQLDFvVpn0Pi4iItm1KItvWJqW1pYsRemyyNILARbZpm0WtrJ0kbmbUlHmr4+t0z60Z7oSSAx935txzvrlPBwA4EPKMEVwE9z+ME/qtOkbgqtVqUqPRaDWbTegE6YdQKBRkJazAjcWapoGu6xayLIMoilAoFKhEEAQIh8OWxCzuQwEmVKtVMAyDtoiqqiBJEhSLRSqoVCqAP+E47keCAvfU5sDQ8MRs/OYNtr1x2PXdwuJShLLljcFlNAW5HA9khLYp0TUhSYMLHm7PLEDS7zyw3ybRqyfg+TyBtwl2sDP1nKWFiUSazFex3tk45sXjL1Aul20CGTs+syVY37igBbwg03eMsfH9gwSsrZ+Doig2QZsdNiZmMkVrKmwc18azHKELyQrOMEHTDJp8HXu1hostG8dY8PiRngdWMEq467ZwbDxwlIR8XrQLcBvn5k9Gpmd8fn/gHlZWT20C/D4k8eTDB3yVFKjX6xSbgD1If8G970Q3QbvbPehAyxL8SibJEdaxo5dikqvS28sInCjp4Tqb4NV3fgPirZ4pD4KS4wAAAABJRU5ErkJggg==');
INSERT INTO Photo(photo_id,location_id,url) VALUES (37,10,'data:image/png;base64,iVBORw0KGgoAAAANSUhEUgAAABAAAAAQCAQAAAC1+jfqAAAABGdBTUEAAK/INwWK6QAAABl0RVh0U29mdHdhcmUAQWRvYmUgSW1hZ2VSZWFkeXHJZTwAAABbSURBVCjPzdAxDoAgEERRzsFp95JbGI2ASA2SCOX3Ahtr8tuXTDIO959bCxRfpOitWS5vA+lMJg9JbKCTTmMQ1QS3ThqVQbBBlsbgpXLYE8lHCXrqLptf9km7Dzv+FwGTaznIAAAAAElFTkSuQmCC');
INSERT INTO Photo(photo_id,location_id,url) VALUES (38,28,'data:image/png;base64,iVBORw0KGgoAAAANSUhEUgAAABAAAAAQCAYAAAAf8/9hAAAABGdBTUEAAK/INwWK6QAAABl0RVh0U29mdHdhcmUAQWRvYmUgSW1hZ2VSZWFkeXHJZTwAAAIfSURBVDjLjZNNSJRRFIafcRJSnGEszTQddQZUJCGTCiGjXLkaiIKgTUhECK6K1oGroE20adEmQnfVIqEYhKRgyiwlFBkcqVzYHzNiVo7f982957QQpxk08cDhcA+c57735R5Uld3kt+5u3a5fwi5jtL9/275PVfOHZDKp1lqMMWxWYwzpdJpEIkFdXR3RaJRYLObbnNlTSMvlckQiEQAKwapKb28vqko8Hi9SUAQwxgAwPr/xMqtgBUQFa6Gv3eC67v8Bnuehqhw9uLKtkRDaHWBiqRJRwciGgko7Tb0dI9hxBcdxdgYAHKvN/LvZOujSY0LhHrJf4jsrcF0XVeXl4j6sKkagMTdKZ/g4wdpO0uM3KfOFiwBF/2DV/kRVOdmQ5lRDmjM1szS4zwhUhbC/nnKg/SLR4Cdmh/tKtwBuTAw0zYXeo6qICCPDwyy8uU9161lwppl8OEJFaJ0afwbjeLEtABFpLin1k1ydRVWpDfymrfkQgcos4n4GFeyfdzSfvs6a692ZvNsdyAOuJa4Gsb4X+0urGFt6jtgcLRUfCYWPINkZVNbpOteKeF/ZuzdFuONC/XfP3MoDrLEDrufpQnqeteUsM2/v0dTWQ3kgg5pl8PmZepICBHFSVLc0UuZ4l18NHW73qSqDg4NaaOb5yAwnLj3AX7KImhVAi3z3l7XyY+4DqdGhR0XLtBmvb3dl1Eq5iqIiBan5igiqOvUX9fhxNiezxvQAAAAASUVORK5CYII=');
INSERT INTO Photo(photo_id,location_id,url) VALUES (39,11,'data:image/png;base64,iVBORw0KGgoAAAANSUhEUgAAABAAAAAQCAYAAAAf8/9hAAAABGdBTUEAAK/INwWK6QAAABl0RVh0U29mdHdhcmUAQWRvYmUgSW1hZ2VSZWFkeXHJZTwAAAHtSURBVDjLY/j//z8DJZiBKgY49drM9J3idhLEtu+xjvea4nLNqsVspnWr2S6QmF6+Zol2ltpq5QSlmcpxijMxDABp9pjkuMuu28rIpsMi3rLZFKzIus38mm6OuqRxpf41nC5w7rOJd+i1ngnUXGLTbj7Tsskk3rbL8ppZreEu7Ry1mWpJSvHK8Uoz0TWK5U/nYIg8y8rgPsl+l12P1WqgbTPdJtk/AtoWb1CkBdagnqyyWilawVM/Rw/FBQyx540ZGm/eYIg8P43BdYLdSZiEcYXeTJB/TaoNroH8q5OldVIhXE5SKUqhXSNRfZdKvPKVkOrED+L9d/8wN998w+B4XIL40I48K8FQf/O6+7In/7mbb35hsD2qjBKNDLU3ExjKb7pi1Rx61ke89+6fwBVP/jPXXn/HYHlYGiMdMJTe1JJc/PgHQ/X1xQyplznBYuFnmRiiz062nPfof8DSJ/8ZSq8/ZzA9KIEzIQE1Vvuuf/6fufv2M4bgsz4MxVdPui8Cal4C1Jx/+RGDPqpmTANiz7MAvXI+bO2L/5ZzHvzP2Pjif8DCx/8ZMi/fY9DcL0FUUmbwPKkg3Hr7T+WOV//95j/8z5B6/jaD6l4JkvIC0J9FTtPu/2dIPn+PQXG3BFmZiUFzbweDLH7NVMmNAOGld33BRiNUAAAAAElFTkSuQmCC');
INSERT INTO Photo(photo_id,location_id,url) VALUES (40,38,'data:image/png;base64,iVBORw0KGgoAAAANSUhEUgAAABAAAAAQCAYAAAAf8/9hAAAABGdBTUEAAK/INwWK6QAAABl0RVh0U29mdHdhcmUAQWRvYmUgSW1hZ2VSZWFkeXHJZTwAAAEoSURBVDjLrZMxSgRBEEXfiBiIkRjpRTyAuZGH8ALewmtsbOAVNjM1F0FEwURwZ9vq+t+gZ3aR3RFEC5qGLv6v11XdnW3+ErsAs9nMpRT6vme5XLJYLDZW3/erfCmF+XzeAXT/QgBwc7ewASUYsOHidL+7vn1eVzCkzNX5cbdhkIKjgx0EWPDyrpXu5HAP2Ujw+LrcTmBDuu0y1LV+JVaaSG83qAnS2iBzPDdZQTKZIsqEgQYC6TtBraKmUJoqUaL+TNAMjLI5RIhaW/VMTxNUtUbKbgTDFT7DK4pMU8bExhRSpLp1DzwaJFFFDhQRUwSGp7ckh4mM7ytKUqNVrzIREwSXZwfdtpdWwsRQXWpT2WowFRHZxNl6I+l3BvXT3D98bAjH+PNn+gIL+yQjrYYUIQAAAABJRU5ErkJggg==');
INSERT INTO Photo(photo_id,location_id,url) VALUES (41,39,'data:image/png;base64,iVBORw0KGgoAAAANSUhEUgAAABAAAAAQCAYAAAAf8/9hAAAABGdBTUEAAK/INwWK6QAAABl0RVh0U29mdHdhcmUAQWRvYmUgSW1hZ2VSZWFkeXHJZTwAAAJpSURBVDjLpZNNSJRhEMd/z7vr9m7t2oopZl/UoVWpQ0RC0EFL6FAQ4a0OXbrVLaJDEdStjhEUFQVBHaIuSocIomtWJvYFRhb51eqaH7vu7vu8zzvTQbENvDkwDAzMj+E//zGqymrCY5URBxh6vm/Ar21rM6aapwSF7yORm90PBP9NGQAWskc/ujiAUa9ly4EHNcYY0MVhjMFV8jtyA1dGdKkLEEvUqkbhZHHi1XngSRwApxXErgl+3yKyMfBqMSaN33yI5vZrCVQBARVAMV6q6VvPgcv/AKHxVCyRTaCiSPkX4UKO4uRravyNoCGIRdUBjnTLhQQq25Y1wKgvrowtgdoFwsI86ZZT+PWtgKGU72du5CWNbWeJJVKYeAYiL/4PEHrEk41kWk8vraoogtgxwj8vmP7+gVTzEfKDl0jXCf7mixAoVQBVjSpIaRCN5tCogLpZJJxh/vcwaxu7qN24h+Evj0nEF/A1gLDaBwGq4pBwCrFTiM0hNoctjjE7kSO9IUM030PDrtPMTIRIFCwfdhFgVQ0R6v6gbhoN86ibZnZ0jPrsCaj00/fwEalMmULeY378E7gqgFqZcaXpubCYEFdK44IGivkk4u0kXVdCgh+gQlR8y/aOc4y960Ws2GUNtBJcH759vB2lC0MaYwjq6hJbO896UnqDSpm93VnEjuOvGyKz7SBTE/e/Lh5whWfqv9NxZkPrsZtNO5NExT5ULe+ffWVvdysmth6Sh3l379KkinSuCOi7sX9098lHm2LeT9TNUOVkwCOWzJL7PMBQ79Wn8ZU+zAXW77/bXVZRVKQqdbkigqo2/QXSf1oX6zFeUgAAAABJRU5ErkJggg==');
INSERT INTO Photo(photo_id,location_id,url) VALUES (42,35,'data:image/png;base64,iVBORw0KGgoAAAANSUhEUgAAABAAAAAQCAYAAAAf8/9hAAAABGdBTUEAAK/INwWK6QAAABl0RVh0U29mdHdhcmUAQWRvYmUgSW1hZ2VSZWFkeXHJZTwAAAJUSURBVDjLpVPfa1JRHP/Ma15JRQ3dsEAfBkoOIXqoJ3uqaOwhAgObQXuwnvw/Yhuh+LCnyNfe9jisEYI1RuFQGxv5stCciTKHzTnn7r19v8ccq1wvHTgc7j3fz6/vOWdM0zT8z9D/+WNjYyN1cnLyuN/v62kFrWIeHx/z+joUCj0aSVAoFKwEeGmz2UKyfBE9AkFVIfyRS7vdhnR6JUxffxPk8/l7DHY4HFdMJhN2vlbB6qqqQdVUItKgEFmv1xsdgYpX3G63+NHtHqFP4M+FHBGop/PO3WkRYyQBZzQYDGi32wNlRYF/6ppQ136pc7PPdcDMCoG4iA+FrRfyn2hVhDrvuWbu/9vBoFeaKGaCqcB1oT50oZ3TA93QwZBAkLCyMsjesOzg1X4C6pm6kRGG4MPDLkpftvCjvY/xcSe2y1tomto4dHeEu1QqpdVqtVa1Wn2+ubm5JAjYGoO5gaurbyHLBszNPUGn08Hkt0lcWnNiff09IpEI7ckgAnsul1sol8vOUwd8CnSZ0Grt4eHsLBYWX5CTbbhcLgQCAQYhHo9jd3dXsVgsb2Kx2DQRPBs6+JjNZm8Ui0WYzWaRLXjrNoqFPMLhMN1COw4ODtBoNJBMJrt6vT5EJR2r1SoLgmg0ejORSMxUKpUlIhA3au3DO24r5ufnwbeTB0fS6XSyJEnL/E19OBo7+xr9fv9Vr9ebDgaDl2lIRqMR9XodpVJJZPd4PJiYmOBe7ZGYLpPJfP+NwOfzSZQ5QIrLROAkkMRH3Ww2n7IgvRVWvkCRFepFgxw9+AkiS4SDy9ee+AAAAABJRU5ErkJggg==');
INSERT INTO Photo(photo_id,location_id,url) VALUES (43,21,'data:image/png;base64,iVBORw0KGgoAAAANSUhEUgAAABAAAAAQCAYAAAAf8/9hAAAABGdBTUEAAK/INwWK6QAAABl0RVh0U29mdHdhcmUAQWRvYmUgSW1hZ2VSZWFkeXHJZTwAAACxSURBVDjL7dItC8JQAIXh491HWbDvD1pEDIIKm1zDxqKi0WIULAZFYc1msF3ErEZlMC9Mhxx/gTAR28KpDxx4QRK/DCXwAbDg0oLMTShtQF0F5AlwvwHkqy+Zxxs+lwsmvs8DKrIw8DCh8njNLOxRtxrU4yF3MFRhIBFQ2XxG3W7yXq8xjULGsIsDFwF58zzq0YBpFPDc6XIKp/iFI4S7h5BbWGoFW03gyABVtyzxT8Ab8Xzei+tkcykAAAAASUVORK5CYII=');
INSERT INTO Photo(photo_id,location_id,url) VALUES (44,22,'data:image/png;base64,iVBORw0KGgoAAAANSUhEUgAAABAAAAAQCAYAAAAf8/9hAAAABGdBTUEAAK/INwWK6QAAABl0RVh0U29mdHdhcmUAQWRvYmUgSW1hZ2VSZWFkeXHJZTwAAAGJSURBVDjLY/j//z8DJZiB6gaUl5fXw9g5OTkOqamp++Pi4uaHhYUpwMRtbGwKjI2N52tpaQmgazYoKir6n5+fnwATi46Onh8cHHwfWZ2BgUGAurq6AoYLiouLE3Jzc+enp6fDNQQEBCh4enr+t7OzC4CJqaioJGD1AtTJCkAn/wc6OQDJyeuBTt4PYisqKipISkoaYBiQmZkZkJycLABiA52838vLaz+Skx20tbX/y8vLK4iLiydgDcSEhISAiIgIB6CTHdzd3ROcnZ3/m5mZOcDkZWRk7ouIiOzn4+PDNADoZAegkx2QJYBOvg8MZbgrhISEEri5ue9jRCMwlAWATi4AOjkAyckKwFCuBzq5HuhksMFcXFwCLCwsBTjTQciUB0KV655fIpRwoqc9uGqec0kTxQCgZt2uHa++zDr49v+E3a//9+549b9j26v/zZue/89b/PhZ2rxHz/IXPf6fMe/h/6Ilj/+71984rR5+WhPFBYET7gnlL3tK0AWeDTeuwTTTJi/Q3QAAViCHY9kyiUsAAAAASUVORK5CYII=');
INSERT INTO Photo(photo_id,location_id,url) VALUES (45,70,'data:image/png;base64,iVBORw0KGgoAAAANSUhEUgAAABAAAAAQCAYAAAAf8/9hAAAABGdBTUEAAK/INwWK6QAAABl0RVh0U29mdHdhcmUAQWRvYmUgSW1hZ2VSZWFkeXHJZTwAAAJQSURBVDjLjZNvSBNxGMeX9O+FOAkaLbehozdGRGiMQqTIlEqJMIig3oxl0YxcgYt6FUZRryLYwpFWCr2wXgjBIMJMYhFjgZSiEXOg5c5N593udne7u+2+3V3tT22SBx/uxe/5fu7uuefRAdCpKJdJoVHB9h9qFSryuSJBYzqdpiRJymYyGZRDOYfH43lULCkW2NRwKpUCy7J5kskkSJJELBbTJARBwOv15iW58AZVoBbwPA9BELS7CsMwoCgK8XhcE3AcB/UhPp/vtyQnGBi03pYXjyAbPQuRD2sSbmUFVN9NLJ5ux9DryZJP0nqiChzjl48Oh9oYRPTAXBVksgnS0hRWu7uxXG/EfL0ZZ9yjGHgb1t4kGo0WBO6AvcUVsFP9oTZZjlQCP7ZA/r4JpHM3lup2Im6pRsRai2PX/GjoDWEk8BWJRKIg6P147mfP+CW63d16RUyOQP5SA6rLAsKyA0TNNizvM4D9/A4Tk2Ec7nuPE0+vgqbpgqBnzLl6vv8N3+x4eEsS0mAvHAJhMoAw6kHUVUF4rkeWHAKXZtA15kDL6C6tkXmBffiZs/P+NE7dC4pBhwsJY6USVjBtBO/bCswrbfq2GS+Ce9DwyooHoRvaPPzVxI67IVfHnQA+2JqQMFQgur0anP8J5IVmYEopmdbh5YQO1wMu0BxdKlB/44GLg48/HT8J8uBesH6/ViDxC5DnWiHPWjAz0wleYCGKokaJIDdI/6JMZ1nWEshr7UEZsnnBH8l+ZfpY9WA9YaWW0ba3SGBWJetY5xzq6pt/AY6/mKmzshF5AAAAAElFTkSuQmCC');
INSERT INTO Photo(photo_id,location_id,url) VALUES (46,17,'data:image/png;base64,iVBORw0KGgoAAAANSUhEUgAAABAAAAAQCAYAAAAf8/9hAAAABGdBTUEAAK/INwWK6QAAABl0RVh0U29mdHdhcmUAQWRvYmUgSW1hZ2VSZWFkeXHJZTwAAAJ7SURBVDjLbZPLa1RJFIe/e9MdExXRJhIHTcQXjIkd3PhAR3EWulPxL3AhiCsFcSG4HVyIS/cj4krFjYqCQRONqPhgNkbxgcRAAoomHdvOvVXn4eKmYxw9UFRR1PnO71d1KnF39h37t9fdLztM4GxzHHfAnWLy2WEaiXnt/eCFU6sBShQHDjv8We3pTj5+quHeTIICZrjBZO0b07ljXlrFTBQA2Fnt6Ur+7uui+48qXhAwt6KqFdWXLp7P/LYS2/cf4ScA7kuqvSu5+fQtExMN3AwAa6pwx82ZnGqQ5YG5MWOBpNRaYt2GlaztrKAK7oaZo+qoGWLOdBa5dGXgdwBH1Rj5OEVrWibLMmIeECv2hRZK5VY6FszD3H8DAEwN0Uie5xzYvLaQX6jD3Tl/9xWxrcz/8n8oiGpoFERTLg4Mk0dB1FExhIRGepKx8Tokh34CpE2AiBFiJBh4Oo+k3A7ldqzcjrW0kklgRcd6FvedI2mxXy6RKIpkQh4VUWMyHMUsEkwIIiyvrGP9si18zb7xZe99dp6tLLx34kt91oKoEfNIHpWohlhgd+9B1A01xXDGaqNUV2ynHqZ59mGw1vdPWinNtRBDARBzMg2oGyOf3xBNEItEjUzlX9nYtYN6bKSP3w99LjUbJogiuZBHI5qRWYao0LmoGzFF3RivfaCycBnPRx/w4N3QpyDsmb0DVUeDFhbMaHjO+YdnCRbIJLCmo4etq/fwZGSIOy8GNU/YNXbah2ctkKZs2tKHJwmqjuhVTB1Rx9W5PvoXSdrO/ZfP8Cebr4313xue2we3b914dKj4eXP6H4eZdX2Vcvf1AEvGj/f/13/mQPMZvwOnSeJok49LlgAAAABJRU5ErkJggg==');
INSERT INTO Photo(photo_id,location_id,url) VALUES (47,38,'data:image/png;base64,iVBORw0KGgoAAAANSUhEUgAAABAAAAAQCAYAAAAf8/9hAAAABGdBTUEAAK/INwWK6QAAABl0RVh0U29mdHdhcmUAQWRvYmUgSW1hZ2VSZWFkeXHJZTwAAAI3SURBVDjL3ZLtS1NhGMbPH9CnIOhFIijIIwouMg1rDjOY5cuoKHqhbJzjQqfJMiqW5MbaObKTG+VIlpmWTMuaLpfNuRgtGQhF6WTNuRSDabj0Q32wPsTVcw4VgyKEvvXAxfN237/75noeCgD1L6L+I0BJU2gNkXcfN5JQmoLJvY2BZOFlf7Lgovdzfr1nKe9s/4vtVY+UfwPEeXcM3rEkfGMf8fT1AgZeLcBD5Bqdh+CKIpu9/+2PAJK8SmUJwXanD6d0ZrQH5lDX1I1qsxMqjRHmvhkw5zmsz6vAbwCSvJa0/dLQ+xZ1DRbU8E7YBt+DNdxDKWNAsboRF7qmoNZxyCmrRZriHDYfckQ3qW5ulQAk2cW5JvE8siRVbvbMgu+fgfHhNPTdcdTfjaG2fRINPXF0BBJo8yfACEFsLLWPSgBi2Fd/eBEOciEMzOIqaffKg3e45JyCrjMG7e0oKlsj0LS0oqblJCqby3GCU2IHyyJt/43VFHEbw+OLsHY8wR5lGYrLD0MvdKJn5AO6gvNSVaPzFgy9p+GZsOPNnA/W4SocsWYh58wWByUrOoqs3ELQGZmQy+VQKBSgM7ORkX8A9DY50mW7cdxUBHfYBnfkumgiBD8Lq1+D3Op1X365SdP0NMMw0Gq1IOtwqtMlehkGJ9qQOh6P20UAUgG7iEJEz4iOpQJ2ajcsW3xqcD7pGcENVfzsYHlF35UEmg4K6bjmY6TK4izuybmw4j9PgnmiT2LbP2ZePP8OiAqyZHfdgY0AAAAASUVORK5CYII=');
INSERT INTO Photo(photo_id,location_id,url) VALUES (48,49,'data:image/png;base64,iVBORw0KGgoAAAANSUhEUgAAABAAAAAQCAQAAAC1+jfqAAAABGdBTUEAAK/INwWK6QAAABl0RVh0U29mdHdhcmUAQWRvYmUgSW1hZ2VSZWFkeXHJZTwAAAFFSURBVCjPhZG/K8RxHMZfdy5OnEEMhhuMJCMldVl0JcOV7Bb2K/+CRakbTOdOsSjWK2WRZMDiR1eK7sJEuYsv98P3/XkM93Uj72d51+vp6aknJP6+yO+z3U/azTGsDt2rQGb5NQBCiHxqz3tUU5LUUFm73uZCi7Rw4lQ1OdVVVUUfaupLa5pJChESud5YcT4e4RPD4TDEDfs8lNz4iRcG0pPxKB7WVp4VYgwMaxXC4JJD1PHb2ibLN7f0oSSEQROdfGL4GEaOLN84rojiJiACAgwfhyPPFsIwhCFaCed1ujB8cmTbSSN4cA5hsMNnuvHJs4UFPYxRqthhK2Hj7KlBkWyADJ9FKryUtA4hAZnE23GZHq65I0KcMTxe8WYvjgIDTKe0M9gboxOjwTsvnpYuD6BtgKl+pZmzUdUoUVDmMhgr9N/cP2kRvjgCZVaBAAAAAElFTkSuQmCC');
INSERT INTO Photo(photo_id,location_id,url) VALUES (49,27,'data:image/png;base64,iVBORw0KGgoAAAANSUhEUgAAABAAAAAQCAYAAAAf8/9hAAAABGdBTUEAAK/INwWK6QAAABl0RVh0U29mdHdhcmUAQWRvYmUgSW1hZ2VSZWFkeXHJZTwAAAF1SURBVBgZpcE9axRRFIDh99y5s1nHjawQVEgQGxErIWgES9MGBDuxlrBVfkG6lBEsrUQEEXu7gNgIUSTBQrBSyYdgFjXMktmdmTvniLCB28/ziJnRhqMlR0ueyNrTLzY7A0UVON/r8PNojDjoZQlqwt98zNvdw9vfX97/yJQnMi4m3F26xr3FHm+2D1h/eJ3Yi3dDVOUDIEw5IkVZ82cU+G/r0y9OTQLkJQyPK0SUmCfinJAY1I3yeLCIqmFAgpF5KMuS/KQi5ol0U8ekrNl4/QMnEBpFG8UAMwODLFVinkhQo2wCiUsBQ2gQEUwNMyWEmqoKxDyRUVGTimewMkvQCnBgYKJ0fYfNV3v8zk+IeSKNGgkpyphnO6vMZZcRHMNin0e3nuDoUpQVMU/E+4Qrl+Bib8TyjSX6nXlwcDyZ58LZQNYBL0JMzIxTNwdb768unLnTn+nT9ecIWiOqiDWoFHzd+8ZRXvP5+QNhSsyMNhwtOVr6B/fLolbgemG4AAAAAElFTkSuQmCC');
INSERT INTO Photo(photo_id,location_id,url) VALUES (50,9,'data:image/png;base64,iVBORw0KGgoAAAANSUhEUgAAABAAAAAQCAYAAAAf8/9hAAAABGdBTUEAAK/INwWK6QAAABl0RVh0U29mdHdhcmUAQWRvYmUgSW1hZ2VSZWFkeXHJZTwAAAILSURBVDjLjZPNS5RRFIef+753ypJEs4UJftOmImosSGgREn0tBBdRLV2EGLooCIoWbSL8C2rdQmwXGBUzQmkx4LIPaJLSQiYtRkyz0Xln7j2nhShKOnjgcrgHznN/93ygqmznzLS16WbxgG3as66uTeNGVdcu6XRavfc451j1zjmy2SypVIra2lpaWlro6Ogwqzl2Pa1YLNLc3AzAerCq0t7ejqqSSCQ2KNgAcM4B8Hp85WdewQuICt7D+YOOKIq2BhQKBVSVeM3vTQsJldsDjGWqEBWcrChwHkSUzqOOfD5fGgBwYv/sFu2sKq0giiJUldHve/GqOAHxK7VQUS4fL5ZWsODnUVVO1WX/ez33ZpDxJ4OcnPpKcvTeFPDwbNL1rwFujfU07qgs44JeREQYGBggCAKMMTTMvudIbIb4pWvsbDrE8odk3ae3w/eHz8Rya5MoIk1BLCS98BFVxVpLPB6ntbWVyokRDpzupGxiBPP4Krsnn9LYUB2q0RsBwM1UdwXevKqO7WM48xIRwVqLtZYgCNiVm6espgn6hqB/Du5MYnOfCcU0WgDvfI93ol/+jpvyQgWJzAskJoRhiDGG5fI9LL17TvnQdaLlnywBi39CfMi0UVV6e3u11CIdXkpzLMxQX13EBhkWs45vvywuL3c3LFMpS12pv52bm+4OvWnwof5QeHQu6R78A6o+ZiAxKKNtAAAAAElFTkSuQmCC');
INSERT INTO Photo(photo_id,location_id,url) VALUES (51,13,'data:image/png;base64,iVBORw0KGgoAAAANSUhEUgAAABAAAAAQCAYAAAAf8/9hAAAABGdBTUEAAK/INwWK6QAAABl0RVh0U29mdHdhcmUAQWRvYmUgSW1hZ2VSZWFkeXHJZTwAAAI9SURBVDjLpVNfSFNRHP7u3MiHZqJCumZZamVRaSas0V40i4gKeoreIjKI3iK40GsPEpQEIRRBj/17kYKMSodlZk8rmy42mUjjLrfVnPt/77nn9jt3NSFfFH/w8f3OOfd+v3/nSIZhYD1mwTrN+s8JBoOXNU0bIBTJcoVCIZ3P5+OEL7lcLkacIg4R3sqyzFYI0Ad36UcQZI/Hc3/NGWQyGRtFHSahp2spQRoLsx/EzmzICxJA9Z7j0HUOZkKHxnQwTYdKrGlizUxWS35ECBibremyopiKGAwX4Ia51omFL/Z0zk2f9DEW+L08hRaHHZFYFq1bqjC/kMbuxiqElSXsbapGKJJCe0sNAvNJdO2qM/dEhqrKIHlnVcogg0g8ayqLAxGRiSjlUowytzfX4uDOWoz6ohiZisPCWCml7o4GHO10UK0cJ12NKKo6znqaUFA5zvc0Q0m8R0i5hYev+3Dpzml8mnls9kN65c8ajso85qJLYExEXo4qMtCIo79GUGH3obPtEJw1rfBOD2HS/wHFpBtWs8sU9dThrXgyGsa57h0rRtU3cB1nuo5Bt+g40NCLdzPP4drnxrOhYVhVjYHZOD5/T2BbvR0f/QtmhznnJaYpxBajsEkbcaLtoil4recBXn4bpLMXsBZVlghkjbr/5lvy/96BZHoR08oEvirjkHsfof/NBVRWbIAk2QxpNa/RddVx07l90w33/iNore9A6KcPE1PjiMylbkurfc4k0k90hWAniJs3OHlPkf8A2YeC/G6HEpkAAAAASUVORK5CYII=');
INSERT INTO Photo(photo_id,location_id,url) VALUES (52,37,'data:image/png;base64,iVBORw0KGgoAAAANSUhEUgAAABAAAAAQCAYAAAAf8/9hAAAABGdBTUEAAK/INwWK6QAAABl0RVh0U29mdHdhcmUAQWRvYmUgSW1hZ2VSZWFkeXHJZTwAAAHHSURBVDjLpdPNTuJQGAZgL4FL4BK4BFcuNEZ03Mwk41+MMbNQok7UqCkGJWrGiZKiYJXKERgLpUVEIagcULSTii3KxC2X0Et4bXcmisq4+DYn53ve89sCoOUz9WJgnJXs7nBeJrlb8NlbBFKKMelL84PLcfu7wJhPcnDHipEs3SNz8wipVEPq8h/+nOnYjJeNb+6Y402Ala7qyeIDhEIVfunaWODydC1arB/kNERzOqbYLG0I/FgXnbEzDfJlDV5S0PuXBJs1/pWJ2ZZ4WuczFbAJBT2TxP4qMLKWYA4vdETMtD6PMPB8Uu9MtPXLFGG6XcTVNRa2vQoMeeOuSF7DQVaDmepq+ha+ewQHl1YRv3jAr2jJaBrYEhUzXYdYqGEnpeJ3rGxCZaySMkaWU/RdgE1cIyirIKfWid9jW1TN5it4+RIGFz8AWNU9QZxs4i+2kyo6R0NM0y9xdCVN944q2DxU0D4cGvgw4BwP22f8+bpPUEBOquDkO6xHbuAOUjABivktijl/AR3DPN9wBdZeSaaK/WMdobSGvSMNu7IGTrpD0KyAWMG07xwNgX5Gph6u+CJ11myyGqc3zvFz4w2grW/H9j/f+Qn6r94u36IRBwAAAABJRU5ErkJggg==');
INSERT INTO Photo(photo_id,location_id,url) VALUES (53,35,'data:image/png;base64,iVBORw0KGgoAAAANSUhEUgAAABAAAAAQCAYAAAAf8/9hAAAABGdBTUEAAK/INwWK6QAAABl0RVh0U29mdHdhcmUAQWRvYmUgSW1hZ2VSZWFkeXHJZTwAAAJtSURBVDjLhVPfS1NRHP/ce91wW9MZrjLLKCNxTEgcG9FLj0EgmbApPfQHBEHsL9B6CnrpRcQeQpIiWgwjlN42X3Kza7nKGEXRxFpMhVq7uz/OvZ1z5ubGpL7w5XO+536/n/M53/O9gmVZiEajd/x+/7jT6TwmSRIEQeDOvjEnhMAwDCiKUsjlco8mJiZuoGosYWpq6i3FHev/pk5PT29WiZm3MBKXy+WjIA1HH+NfNn93zG6z2brq9ziBKIocHQ4H2jwdLIZAXaTXqK5/ft/Ebi6aCJiUqkm7BUJdsSjsFVgQmgmYsUbdvubjqOs6b1oFdb5HfO08j7a2gUCsFrPuZzIZLCwswG63Y319HYlEgl+rN/0EPT9moJa2YZpmswJCKpvBYBCBQICfzNZMBdH/oDQo4ODxEfz+9gJmo4CKAoMYPJBlGfF4nCtYW1vD4uIiWhUZnq4Q2roGsf35JZwo7ENAT2QWCoUQDof5dZiCK5fOw8gn4O70gPyah7d/HEdbPiDz8KKtkcAgPFhZWUEsFuPdX12V8enVfXT2jQBlGanZORzwKGgnORhlbbiBQNO1moJIJMIJzvY6carbC3dHCab6hb6fCVJM4+SFKAxVvZW6d85da6KuaUZyaUmiKFTmgsCTn8Xp0GWYpWVaq2BotA+mtolWVxaHB8b6N5Yf3KSpk1xBsVj8mEwklVQqjXQ6jfy7OA71DMHpLsAytujjS3j9LEszTZjlLLxnToCo+vXkpN8n1E9h1ai8jYGrc92S+JUS7PD5q++75OhD/v0bZJ9PPm3Z76cxVK1VnhlVLProFh2cPbdqCIaWdeQvTLNXD529QmkAAAAASUVORK5CYII=');
INSERT INTO Photo(photo_id,location_id,url) VALUES (54,49,'data:image/png;base64,iVBORw0KGgoAAAANSUhEUgAAABAAAAAQCAYAAAAf8/9hAAAABGdBTUEAAK/INwWK6QAAABl0RVh0U29mdHdhcmUAQWRvYmUgSW1hZ2VSZWFkeXHJZTwAAAJtSURBVDjLjZPfS1NhGMfPXfh3OG/E/yBImNkqrYGCzAthh+WNgXihwQYb2CoYukGwsdRLoYUWQbRAhqzc2Q91IrrVhlhLqznL5Tyb23m3s317z1szBzM68Lk47/N9Pud5XjgcAK7OVfM7/a2piE87HalRoLVHStrp1VKvLVi7fE9wns/WaXi58UgoH4kl/CxIyOZ/cyRKSKRFmF/tw/B4p3jl7utLFwp6baHiySnBxheZUkHkM8HKrgSpUsVGWsaDN/tQG/1PLxT02EIlRbBJBZtfZaztlSF8JEgdFqBMdnh8im7LSqWpYHJysqXHFiS5AkGMfi12UP0zRRm+D6fwxvPI0dWu3Q8QvV7f0iCgzQZKnl4WjqkgcVDDeyrYpqLoXoWtsbxTpLUyrlsFDA4O5vv7+w1MQBu7Z2dnEY1GcXsqjCwVJDM1JCixb1Vs0VXCdIoAXSVLBTcfhhEIBDA+Pg6NRtOtCLbpg0wmA7PZ/F8oWUEQMDAwsKsIiCzLUFhfX4coiv8kFAqhnh8bG6txFosFhBDG4uIiUqkUEzVDqc3Pz5/leZ4HZzKZkEgkGG63G8lkEn6/vylKxuFwnOU7OzvBTUxMwOfzMex2O+LxOJaWlpoSi8VgtVrP8u3t7eDoHvB6vQyXywV6Jwyj0YjR0VE2Zl9fH7q6uqBWq9lZPd/W1gZuZGSk6vF42IHSuPD8JZbfBpvybOEFOjo6WHZubg6tra3gDAbDzNDQ0LZOpwPvCqNYIjg6IfhBOcxJSGdL2PtewKeMiKJUBu8MQ6VSKc1bFFPDv8C7ItXhJ2sYdv/lDmOVodR4Z6R6vucXuxIEyKz+W40AAAAASUVORK5CYII=');
INSERT INTO Photo(photo_id,location_id,url) VALUES (55,66,'data:image/png;base64,iVBORw0KGgoAAAANSUhEUgAAABAAAAAQCAYAAAAf8/9hAAAABGdBTUEAAK/INwWK6QAAABl0RVh0U29mdHdhcmUAQWRvYmUgSW1hZ2VSZWFkeXHJZTwAAAE8SURBVDjLpVM9SwNREJzTpx4JaGMn/oJrRMtU/g2xsLD1F/gDbK0lpaAgNmJnI1YWasBOELs0QgQDfsQ4Mxb3vEvgipwuLAsLszszb19iG/+JsHf6dDU3g9WXdzdtABIsAQZowjJkwSRkwyQoYX52+PYx8F0w0FrPFqfuuwP0P1W5ZW2hi9vXpViXsXOyieOtw+b1zUMr2T16tGnYBizYhqR8a2QjquxRkAjJsIhgGhsrg4q9CYDpmGWMerZ//oxgC1mW/clAnl0gIE6UqvXbLlIqJTYaDeibCBRrAX97ACAKwXIt4KgHEhEUGdQBlgOE4Khd0sTAMQZkzoDkxMBiAI1g5gzSNK39jJYQJKHT6SBN00KGpDFGVfJ6vR5kIyQetg8uh9tiH+IIMNb8hPOzNV2cuATAX+3kv9/5B7T5iPkmloFJAAAAAElFTkSuQmCC');
INSERT INTO Photo(photo_id,location_id,url) VALUES (56,27,'data:image/png;base64,iVBORw0KGgoAAAANSUhEUgAAABAAAAAQCAYAAAAf8/9hAAAABGdBTUEAAK/INwWK6QAAABl0RVh0U29mdHdhcmUAQWRvYmUgSW1hZ2VSZWFkeXHJZTwAAALASURBVDjLjZNJTFNRGIW7ZOFON2xMiBtDHOJKgom6dYgsWKCJTRgUIkSCYYOiiURiq1ZKsEUmAYMUEgm0MrWFIHagiEALhYJCKW2lpZOU9nUejve9CIJTvMn3huSe7/15N4e11HYnhVBK6CcYCRQhMdd4C5O11zH2+Eqiv/Ic1V120thamNYvZB8q5eccSAHAomGRzar1YQ5sE0I4ta/g1r+Ga64dm1PN2FDUwyLnwyjhYKHjLlS1eeitOAsiUO0KDB335nYEjplmQgvsmkZ8/SDEurQGRvETLHVVQdtcDgWPzQhq2alzuwL1vDl9Rj2O1eEmLIoeYEpYgDFOFsjYIGOjregIGgoOo6nkGLoeZaNJwIWgczh9V0Bfxlai0hlrBG5/DKFoEuFYEp5AHIu2EKbNQZjcERhdEQzMuiAYMkl3wrsCGpkh2CczBJLrZDMVTsDmjWHJHsYaCaq/+PBSZkm+GDT17g3vE9CItdsZEq3X+NHoh+VblAkP6Tyol5lX6gbXMn4N/ybYQTThVM6aKUyb/BBKzYo/7fmnoHvCodFZKcwQQd3AmvK/BSK1I1P8yWmet/jhoeKwb8cwOO0At2d5tbyhrLFUcNVXWJOFa9XnfRcqTtzfJ+hQbop7Jh3JNWeIOYlIPAlfKAGLJwp+Xyuq3uZhYEEInU0O/kgxcvjHcboklceE2xV22Yjegw1vFIFIAlESjieSoMiz1hpE3tOLkOhrITHUgV680ZvgjxbRghCra0Sf3qm0YdywBacvxoRJlhF4g3F83gzjcuUpDC20YO96Ny+kBWC6sCBrgEqjhmbZDasriO0AOUK7H6L3Jjx8o8OZ22l4Js8HR57LhDmy3J8T7C3T37pQzb2EbN5RPJffYL5M3+l35h/srTOpsJFUmPpRYaYLpMIJUmGKnX9wK7M4NUaPTfARuPT/+w5sF/jkpVJK3QAAAABJRU5ErkJggg==');
INSERT INTO Photo(photo_id,location_id,url) VALUES (57,22,'data:image/png;base64,iVBORw0KGgoAAAANSUhEUgAAABAAAAAQCAYAAAAf8/9hAAAABGdBTUEAAK/INwWK6QAAABl0RVh0U29mdHdhcmUAQWRvYmUgSW1hZ2VSZWFkeXHJZTwAAAEXSURBVDjLY/j//z8DJZhhmBpg2POQn2wDDDof8HvOe3osYtXzDzCxuM2vP3gvfn4MJIfXAP22e0Ies58eK9r2+r//3Kf3YOIhq17eK9v95j9ITrv2jhBWA/Ra7kVEr375vXDrq/9+s57eUy+4IY0kJx2w6Nk9kFzE0uffgXIRKAboNtxlC1/+/GPljjdABc9+q+ZcM0Z3qmb5LWOQXOmml/8DZz7+qJB0hQ3FBerFNyNC5z/9nrXqxX+Pvgf35OMuSSPJSXtPfXQPJBc089F3oFwE1jBQTLkiZNtw51jq4qf/XVvuwsPAa9Kjexkrnv8HyclFXxTCGwsyERf4LctvHvPuvAePBf8pDz/Y1N45BpIbKUmZFAwAR3nW32nUrY0AAAAASUVORK5CYII=');
INSERT INTO Photo(photo_id,location_id,url) VALUES (58,69,'data:image/png;base64,iVBORw0KGgoAAAANSUhEUgAAABAAAAAQCAYAAAAf8/9hAAAABGdBTUEAAK/INwWK6QAAABl0RVh0U29mdHdhcmUAQWRvYmUgSW1hZ2VSZWFkeXHJZTwAAAJFSURBVDjLpZNfaM0BFMc/v7s/pv25tnsXlrzo2nav3d3y4CaelqLw4l1JEVaUl1GeUHtQXpiSUvKqZFFWJtFajO62K/KwlXQn7syfe+3PPX883AkNKefl1KnzOed8zzmBu/M/Vvm74OnMiayZJlTNVfXO2fT5nX8ChJYm9zRhJFrrWok1xAJRTf+tgyWAU6neDwuyUCx5ieJCEREZ+xsgcHfOjJ50M0XV0LL39sa2QEwYnRr7JKKqqiER4cru641LNFBT1tfGMDfMHccCNcMd4s3xsLribjyeePp7EVUVdcPcyBVe83HuI+KCuRMKKjBz1oVjiMgfAKJk81kaqsKsrG3h/dc86loex+dRUwQlUhdhz7VdLiKIKLcPDATBz3dwbPCgx5vjZKczqBnmirihrjRUhVlTvxYzxzEGRx5w99Bg8MsdiCjqimjZ62KymmIz87x5+YLZ2SLF+QJuxR8jHL13wEWUFTUrUDNKXiprYoqYUZ13ossr2Lh1E2uaYtx/fpPh7EPS3S3nQt8rJ1a2syq8isnPE8SbkiSakiQiKTqiKWSqSKqtEw0pnau3oUGJdMdmgCOVACURBCXz7hkbop1MvJ0kl59CVYmGo8x8zlMV1LGjfT8Ax7su0z/eB9yqqQSQkqBmJCJJRI1cfoobe/sDgO2XurxQmOZ5bojR3CN6tl2ld2AfNRXLAObKABGevBpBVFlc0dwPYcWorw2Gx4aCzckt9I/3UR1U8ijzAOBi8K/vnO5u6QUOA/XAF6Bv+EKu5xvVXGolRpHH+AAAAABJRU5ErkJggg==');
INSERT INTO Photo(photo_id,location_id,url) VALUES (59,42,'data:image/png;base64,iVBORw0KGgoAAAANSUhEUgAAABAAAAAQCAYAAAAf8/9hAAAABGdBTUEAAK/INwWK6QAAABl0RVh0U29mdHdhcmUAQWRvYmUgSW1hZ2VSZWFkeXHJZTwAAAKfSURBVDjLpZPrS1NhHMf9O3bOdmwDCWREIYKEUHsVJBI7mg3FvCxL09290jZj2EyLMnJexkgpLbPUanNOberU5taUMnHZUULMvelCtWF0sW/n7MVMEiN64AsPD8/n83uucQDi/id/DBT4Dolypw/qsz0pTMbj/WHpiDgsdSUyUmeiPt2+V7SrIM+bSss8ySGdR4abQQv6lrui6VxsRonrGCS9VEjSQ9E7CtiqdOZ4UuTqnBHO1X7YXl6Daa4yGq7vWO1D40wVDtj4kWQbn94myPGkCDPdSesczE2sCZShwl8CzcwZ6NiUs6n2nYX99T1cnKqA2EKui6+TwphA5k4yqMayopU5mANV3lNQTBdCMVUA9VQh3GuDMHiVcLCS3J4jSLhCGmKCjBEx0xlshjXYhApfMZRP5CyYD+UkG08+xt+4wLVQZA1tzxthm2tEfD3JxARH7QkbD1ZuozaggdZbxK5kAIsf5qGaKMTY2lAU/rH5HW3PLsEwUYy+YCcERmIjJpDcpzb6l7th9KtQ69fi09ePUej9l7cx2DJbD7UrG3r3afQHOyCo+V3QQzE35pvQvnAZukk5zL5qRL59jsKbPzdheXoBZc4saFhBS6AO7V4zqCpiawuptwQG+UAa7Ct3UT0hh9p9EnXT5Vh6t4C22QaUDh6HwnECOmcO7K+6kW49DKqS2DrEZCtfuI+9GrNHg4fMHVSO5kE7nAPVkAxKBxcOzsajpS4Yh4ohUPPWKTUh3PaQEptIOr6BiJjcZXCwktaAGfrRIpwblqOV3YKdhfXOIvBLeREWpnd8ynsaSJoyESFphwTtfjN6X1jRO2+FxWtCWksqBApeiFIR9K6fiTpPiigDoadqCEag5YUFKl6Yrciw0VOlhOivv/Ff8wtn0KzlebrUYwAAAABJRU5ErkJggg==');
INSERT INTO Photo(photo_id,location_id,url) VALUES (60,18,'data:image/png;base64,iVBORw0KGgoAAAANSUhEUgAAABAAAAAQCAQAAAC1+jfqAAAABGdBTUEAAK/INwWK6QAAABl0RVh0U29mdHdhcmUAQWRvYmUgSW1hZ2VSZWFkeXHJZTwAAAD0SURBVCjPfdExSwJxHMbx/yTc1NrUy+h1+AZ6GUJBaYdiKVwopjmYOASiINJgEVFwUFHo4BIiDtql/SPU5BDUQb8Nomh3J8/we4bP8MBPIOYpexdtPcvyyrO6ETxR5zGwAeiMeOfmxBE8MOKXKsWwA7hjSJceZbJhW1DC5BvJDy+kNRtwzYA2BgYSnUTEAgr0+aBJC0mbe85i/0AOkw4Gn8SH0Yo2CRGMrYEralyOq/SJzrRtBEJVvMoKyJCSyd3zZh2dUMZmZOotuYOIuAuYBKbqlgVcKPN7KhvccnRsAYv49/I0ODA9Lgfgcx1+7Vc8y8/+AURAMO9/VDEvAAAAAElFTkSuQmCC');
INSERT INTO Photo(photo_id,location_id,url) VALUES (61,58,'data:image/png;base64,iVBORw0KGgoAAAANSUhEUgAAABAAAAAQCAYAAAAf8/9hAAAABGdBTUEAAK/INwWK6QAAABl0RVh0U29mdHdhcmUAQWRvYmUgSW1hZ2VSZWFkeXHJZTwAAAFiSURBVBgZpcEhbpRRGIXh99x7IU0asGBJWEIdCLaAqcFiCArFCkjA0KRJF0EF26kkFbVVdEj6/985zJ0wBjfp8ygJD6G3n358fP3m5NvtJscJYBObchEHx6QKJ6SKsnn6eLm7urr5/PP76cU4eXVy/ujouD074hDHd5s6By7GZknb3P7mUH+WNLZGKnx595JDvf96zTQSM92vRYA4lMEEO5RNraHWUDH3FV48f0K5mAYJk5pQQpqIgixaE1JDKtRDd2OsYfJaTKNcTA2IBIIesMAOPdDUGYJSqGYml5lGHHYkSGhAJBBIkAoWREAT3Z3JLqZhF3uS2EloQCQ8xLBxoAEWO7aZxros7EgISIIkwlZCY6s1OlAJTWFal5VppMzUgbAlQcIkiT0DXSI2U2ymYZs9AWJL4n+df3pncsI0bn5dX344W05dhctUFbapZcE2ToiLVHBMbGymS7aUhIdoPNBf7Jjw/gQ77u4AAAAASUVORK5CYII=');
INSERT INTO Photo(photo_id,location_id,url) VALUES (62,13,'data:image/png;base64,iVBORw0KGgoAAAANSUhEUgAAABAAAAAQCAYAAAAf8/9hAAAABGdBTUEAAK/INwWK6QAAABl0RVh0U29mdHdhcmUAQWRvYmUgSW1hZ2VSZWFkeXHJZTwAAAJ0SURBVDjLfVJNaFNBEP5e8tLXkKqtSa0kVYKplFIsFNSTIgiFhoL04FnsQYTSW66BkIcezMlTD1LQS7wWjIdA6qEVKq1ixAqSWBqMFWJ/EtvUtMnb9+LM1kispAvD7s7M983Mt6vU63U01uiDhfrErT68+VqEJeowTUuaRSaEhWsBN6bj7/Fu+rbSwKhoWpZpwrLqEMYfoDjcTXFogkmF2QyBrfnyt5phQtRM+DQT1901GHQ2yCcJjyOwKPirYsB7QpOggY4aBtwqTioGzp1yYq9SpSLHdmDqb1d+wKOp6DvdBrejhq6uLgy5LZxxtWEpvc5F9JYEC4+CkU/ZTX3pYwEXnAbO9vSgs7MTbqWMpQ/fsJIp6J/jdyPNGIVfIZ1OO4UQ/WR2wzDw9PXP+6OD2r0rQxdlUqFQwPNXXxLDXhHleK1GuhjGZigUykuC5eXldYfD4eP5iEQat26z2VCtVqGqKjY2NrC1tcVAGd/d3UWxWLwjn5Gck/v7+3Gfz9fBLe/s7KBSqUjjAkzcQ+MEAgFomsYFkcvlXhBuVml8pFQq1UeOl16vt7+9vR3lclkCOc7GPsuykEwmTcqLRKPRh/+IODIyskqzXc5ms7Pcpt1ulwA2JqARGVyknGAD/N8rjI+P71FCant7WxKwBrwriiJJSI89XddTLZ+RFyWNeTwe2bLL5cLBwYEUlM+0nyflL7UkmJmZcVIHN3t7e5HP55FIJFbn5+efLS4uolQqwe/3s+BjLQkIfKO7u9tJs7LST+g+HIlEJjKZTDAej39nPY4SqEfa962treUIOBkOh5MNfywWS05NTQ3Ozc09pj9wtRnzGyK4jfbwxX10AAAAAElFTkSuQmCC');
INSERT INTO Photo(photo_id,location_id,url) VALUES (63,5,'data:image/png;base64,iVBORw0KGgoAAAANSUhEUgAAABAAAAAQCAYAAAAf8/9hAAAABGdBTUEAAK/INwWK6QAAABl0RVh0U29mdHdhcmUAQWRvYmUgSW1hZ2VSZWFkeXHJZTwAAAIASURBVDjLpVPPaxNREJ6Vt01caH4oWk1T0ZKlGIo9RG+BUsEK4kEP/Q8qPXnpqRdPBf8A8Wahhx7FQ0GF9FJ6UksqwfTSBDGyB5HkkphC9tfb7jfbtyQQTx142byZ75v5ZnZWC4KALmICPy+2DkvKIX2f/POz83LxCL7nrz+WPNcll49DrhM9v7xdO9JW330DuXrrqkFSgig5iR2Cfv3t3gNxOnv5BwU+eZ5HuON5/PMPJZKJ+yKQfpW0S7TxdC6WJaWkyvff1LDaFRAeLZj05MHsiPTS6hua0PUqtwC5sHq9zv9RYWl+nu5cETcnJ1M0M5WlWq3GsX6/T+VymRzHDluZiGYAAsw0TQahV8uyyGq1qFgskm0bHIO/1+sx1rFtchJhArwEyIQ1Gg2WD2A6nWawHQJVDIWgIJfLhQowTIeE9D0mKAU8qPC0220afsWFQoH93W6X7yCDJ+DEBeBmsxnPIJVKxWQVUwry+XyUwBlKMKwA8jqdDhOVCqVAzQDVvXAXhOdGBFgymYwrGoZBmUyGjxCCdF0fSahaFdgoTHRxfTveMCXvWfkuE3Y+f40qhgT/nMitupzApdvT18bu+YeDQwY9Xl4aG9/d/URiMBhQq/dvZMeVghtT17lSZW9/rAKsvPa/r9Fc2dw+Pe0/xI6kM9mT5vtXy+Nw2kU/5zOGRpvuMIu0YAAAAABJRU5ErkJggg==');
INSERT INTO Photo(photo_id,location_id,url) VALUES (64,1,'data:image/png;base64,iVBORw0KGgoAAAANSUhEUgAAABAAAAAQCAYAAAAf8/9hAAAABGdBTUEAAK/INwWK6QAAABl0RVh0U29mdHdhcmUAQWRvYmUgSW1hZ2VSZWFkeXHJZTwAAAIBSURBVDjLpVPPaxNBGH2zvyGbEAw5aEogByE9RG9ScxESgvUi6D8QxJuYk5dCwXMv3rSHXrwqHlqikFBqXEEkx2KMEppLIGokSjESu/mxG+ebMsvWi4UOPL6dme99730zO2yxWOAsQ8EZhyY/Op3Oa8/zChyYz+eYzWYBptNpgMlkQrFRLpeLxGPUAidfMwzDSSaTIunfEW5T13U4joNer1esVCoN4YArPozH4xgMBjBNMyCFifTd7/cRi8WQyWRIdJ0vN1ir1RLqiUQCo9HohF1qhYiMMaiqKtSj0SgikQjq9Tq63W5RI3WyTr1SkmVZAlI97ISi7/twXRe5XA7tdntdI6XxeIzhcCgOSCbRYVKUc7lGc03TYNu2cEkFClSdJpTAWxKWFUU54UAWSqfTIi+VShGnoJEq9UqgDQIVoOTwDRyyL/ilf8PnnoMj9w8uja+KtkUBSSRSNpsNLBOZ1ruH+1BjP1FazmPp3EW8ae+g+XEbI8U+LkA3IPsL25Xq1YMt3LqyCk/xcPl8CXufXmAll8fzg1fQ+InWa7XaaugvC6LED/M7dGbjxvJdUfBBcQsvW5tYsOrxn/i/ka8sHd2+ed2aw8da6Sk2du/AUk082666p3pM/sJ/1PzwHgZ/OqRsMA3v9t/S1hN22ue8cv/CBg/3OKIcvzk2m4+/rv0F4ux6ZTGbxgwAAAAASUVORK5CYII=');
INSERT INTO Photo(photo_id,location_id,url) VALUES (65,65,'data:image/png;base64,iVBORw0KGgoAAAANSUhEUgAAABAAAAAQCAYAAAAf8/9hAAAABGdBTUEAAK/INwWK6QAAABl0RVh0U29mdHdhcmUAQWRvYmUgSW1hZ2VSZWFkeXHJZTwAAAJ+SURBVDjLpZNdSJNRGMeFoC50flVXBV1EoF3YdzKYG0u30FTsY9bQnLpqrSg/5uZe29RtimvkxBbCTJupmzpLl8tNxfwObUxTF2RQRNJFGOqFYELx/nt7LwaCzKKLH5zz8Px/POccThCAoP9hy+LNq+nVJZzdULMZULBCIGVGQpye2vhXAqlYVK5OiYIhMQx6Cg0vFDJ2CLLj9kGcJTRuKyAuxKKGCiqokIwmFPmcCOScDkPa0T3ktgJZbDjZa1Liq9uAcZMEGaciIGLuhZC5H4Lj4TDKrgQHFJgzD6yuvn+F5Tct+PbagumnRfjk0OC7z43W6wfX5ptu7QwouC9ielY8Nix5O7E+20bRTq9Xpttgzj3iDXgEvuJZMPt23Wht4UVseBvw4103zfpbK+qJ82BdezDCL7AythSw8+yRPIW1kaN+gaahBRRo69BaKEBvVjxERDNV+4Az5S/Bl7c/ji+whW8SMItcO/LrxyxcdQ/d9GT4I5INQxh0TWBKkoUUjRN6hw/C2jGwS7pJbp7FyJXZd/kFScVWXcbDcTg8i0jQusDTuSHQ92E2Iwnz2WlIrhoAt8yJVMMw1B2zuFw9RPLzGqr8ghlV1K8lpxKEbQa6rnm6Sah3w5aaAlVuMc5VuJBpmoDAOApJ/SSW+0oxWRS94RfMqaPJlQEtBDWjeNS/ACUlkrd4kW8aQEJZD+5aPJA2TKGyy4fEij6sDurgKT5M+gW+5jvENHHo5yXjCOI1vajs9tGUdc7hbGU/PdWfPeeeAyxFB2ZKYzaojG7TK3xulzIk2saYkzfMi1zqouKILrCUz2mYcjtYcjt5LMe0JlaZT3zpkDIC/sZ/4TfeSKfmHj5WOQAAAABJRU5ErkJggg==');
INSERT INTO Photo(photo_id,location_id,url) VALUES (66,33,'data:image/png;base64,iVBORw0KGgoAAAANSUhEUgAAABAAAAAQCAYAAAAf8/9hAAAABGdBTUEAAK/INwWK6QAAABl0RVh0U29mdHdhcmUAQWRvYmUgSW1hZ2VSZWFkeXHJZTwAAAJ9SURBVDjLjZHdS1NhHMcF/4G8FgoWEQgVIhFKkNZC7CLadL0osxwy1CbNt522JAzfljrb9Ax1LtfUTTcSCkTCJV3VRe2it4vV2Vp7zs45bpAXkZAv9O05A6E3bRe/qx/fz+f7e54cADnlY6LmLJuMKUd5qF0izgwTFPbErfLuf5NT7hQV58dFlA6TWMkgyTveG7de84gouBULZQUotRPFSRsJFfcnGGpljt6Oh6+MJ3GwncuuAbVqqDVWNpSQrWHDjISSO5+Qb4goswKcHk6AWtcOm7kiatVogyNQeXs3dI8v52YF0DiTOMRwaweMHFM5O/TV/sqKwRfdUHvqnqndFbkVjrLEzYfiABMUHKaA9L49IJIWv0CM04TNAKg1tt/4AfnXI2H1g56X1uddWIo+QueTDtDw+qne4i1TQJDa54VvI6E0RpdTuLsowTD1eTUD+LNS9ZxqwLLUgoWIH753UzhhKdxuC6YVRr+weWOa33Y+XUNHII0Gr6T8J0Aeat6YfjuJ+6+dOGYs+G70S1yzl2w0echy/+IXtPpTqHfvAqBhgdaWzXIY5/r6tjqDSTS642+o1WwOpmGaT6HOJTK7NtiZZl+qqHVWQMNkfFPvFiqplWmj9lbfKrROYW9A00wqr9Er8l1BHvXO6IKO5TLfqh0TYKKQ6lF+Yk8ArWs1+xLQsdH1Oge3Umv/uFJji6wYXHGY51K4aOdDuwL0U5K+w0erj8dAg0d+3V2y87BQQJWNhP8C6D1SXuZOeuNVB/dDa48GalhhXybo4BXUyjS4BHQvpFHLJnFhgCh/A+gmRT19XdTSO2tYIt8JGiySd1X3+IlKG4FqiMjBnZn4CaGVtXQxzDRMAAAAAElFTkSuQmCC');
INSERT INTO Photo(photo_id,location_id,url) VALUES (67,57,'data:image/png;base64,iVBORw0KGgoAAAANSUhEUgAAABAAAAAQCAYAAAAf8/9hAAAABGdBTUEAAK/INwWK6QAAABl0RVh0U29mdHdhcmUAQWRvYmUgSW1hZ2VSZWFkeXHJZTwAAAJ5SURBVDjLfZJtSFNRGMenRkgY1BKiL30yEkqJrCjrgxBB5Qtmyy3NcGoUuqD5skEm+ZZizpTUmZEw33ML06lzGoQKtRRETXM2Z1LOTBs6LNNw9/w7d+IiuevAj3vO4fx/z+E5lweAtxVRvp5Pqaf8psAF3RQfngtBa1OvCet2Bq5Ge/80K5nkCntR7AwhsP0imF8msCwRfF4k+GQlmFxgYF7YEKerDJzV90vKexwHZm0EX2hw6juBaZ6B8RuDsa8MRiwbggL1IP57A7b6NK36kYbH5xiM0vCwhRXYHYKMmnd/gwlH+dvunPTOehy623ZLlrfO9oCVbA72JsMzjEPK2QP5Gb5UGewJxcXtKBLsQ2JKBkR5OkfHq/QfnKKlH2uONd0f/ecVioM8OzXyC+hRRKFAeBC3A3dAfHwn7ob71tCD5rnFlc3gKiVjM+cUlEbsqZ4xqLE81IT3Lx6gXyXDUMsjpGQqRip1Y2zwJ0W6tWfOyZUQQepEYxpZHW8FTFqsGdvRX5dORLlaKw0mcP0vTsHekAYPXkDFE3VxNplU3cREXQrMdRKoCnOI+5Gycu9zlR4uBbvON7l5nNbkykunGL0VkGvfQqo2QFJtwLNhIDHfZHc/UZvpFVThxik4FfEwNS2nDc+NBMkDwI0+4LoeiNQAV+sJcrsIxMnNJDD0noxTMFt4CAPqUiSp5xHbAcRoCIQ1BBFVBGFPAYFiAYPNSkxl+4JTYFYGv6mVxyBU2oe4LiC+GxDrKPR7rQU4G9eBl/ejMVEW1sspMDUk8V+VxPsHRDZkHbjcZvGL7lrxj+pe8xN2rviEa63HLlUVvS6JPWxqlPC5BH8A3ojcdBpMJSoAAAAASUVORK5CYII=');
INSERT INTO Photo(photo_id,location_id,url) VALUES (68,56,'data:image/png;base64,iVBORw0KGgoAAAANSUhEUgAAABAAAAAQCAYAAAAf8/9hAAAABGdBTUEAAK/INwWK6QAAABl0RVh0U29mdHdhcmUAQWRvYmUgSW1hZ2VSZWFkeXHJZTwAAAHdSURBVDjLjZNLS+NgFIad+R0KwuzcSQddunTWXraKA4KCuFKcWYqgVbE4TKJWNyqC2oHKoDBeEBF04UpFUVQqUoemSVOTJr2lrb5+5xsTUy+jgYdc3yfnnOQrAVBCsK2U4WFUvUE546OTcwk82WxWz+fzt4VCAS/B7kMQhB9uiVtQReFkMolUKuWQSCSgaRpkWeYSSZIgiqIjscMfSEAPZDIZWJbF94RpmtB1HYqicEE6nQa9xO/3/5OQoM57/qm2a3PGtyzDtxzF/FYMe6c6F1DAMAzEYrFnLfGZ1A9devqC8o2wpmL8jwJhRcbw7ygGAxJYS7xvuxVVVXklkUjkUdAshgP+DRVfureXbPPcuoKe2b/QDKtIQpXQPOLx+KOgf0nGCCu9smHiu7u8IGuDBHRsS6gdmgmJHEHfLwn9wSgqagc6Xvt8RC6X48MlCeEI2ibDIS8TVDYGBHfAO3ONowvTOacqSEBQNY6gpvOkp3cxgq8/Q8ZxyISWsDAwfY32sSscnhk8SFAFBIWLBPQZq1sOvjX5LozOqTBaxSu0jF5iYVV+FnZTJLB/pN0DDTv7WlHvtuQpLwrYxbv/DfIJt47gQfKZDShFN94TZs+afPW6BGUkecdytqGlX3YPTr7momspN0YAAAAASUVORK5CYII=');
INSERT INTO Photo(photo_id,location_id,url) VALUES (69,37,'data:image/png;base64,iVBORw0KGgoAAAANSUhEUgAAABAAAAAQCAQAAAC1+jfqAAAABGdBTUEAAK/INwWK6QAAABl0RVh0U29mdHdhcmUAQWRvYmUgSW1hZ2VSZWFkeXHJZTwAAAB4SURBVCjPzZChCoAwFEX3GSbBLzMaDOblBduqrAlDYcKCqNFiF39Gp8iDq91plhPvgQOXgX3D/iRM50gDWdKkSNJDmNJxHmbb6kN10gjjTdhA7z2kE6E3cc9rDYsC3GWRR9BbhQYVSuRIFo+gICHAkSFB7H765BsXhQcRTCg+5ikAAAAASUVORK5CYII=');
INSERT INTO Photo(photo_id,location_id,url) VALUES (70,20,'data:image/png;base64,iVBORw0KGgoAAAANSUhEUgAAABAAAAAQCAYAAAAf8/9hAAAABGdBTUEAAK/INwWK6QAAABl0RVh0U29mdHdhcmUAQWRvYmUgSW1hZ2VSZWFkeXHJZTwAAAJOSURBVDjLpZI9T1RBFIaf3buAoBgJ8rl6QVBJVNDCShMLOhBj6T+wNUaDjY0WmpBIgYpAjL/AShJ+gVYYYRPIony5IETkQxZ2770zc2fGYpflQy2MJzk5J5M5z/vO5ESstfxPxA4erL4Zuh4pLnoaiUZdq7XAGKzRJVbIBZ3JPLJaD9c/eCj/CFgZfNl5qK5q8EhTXdxxLKgQjAFr0NK0ppOpt9n51D2gd2cmsvOElVcvOoprKvuPtriNzsY8rH+H0ECoQEg4WklY1czP8akZby51p6G3b6QAWBl43llSVTlUfuZE3NmYh9Vl0HkHSuVq4ENFNWFdC+uJ5JI/9/V2Y//rkShA1HF6yk/VxJ0f07CcgkCB7+fSC8Dzcy7mp4l9/khlUzwecaI9hT+wRrsOISylcsphCFLl1RXIvBMpYDZJrKYRjHELACNEgC/KCQQofWBQ5nuV64UAP8AEfrDrQEiLlJD18+p7BguwfAoBUmKEsLsAGZSiFWxtgWWP4gGAkuB5YDRWylKAKIDJZBa1H8Kx47C1Cdls7qLnQTZffQ+20lB7EiU1ent7sQBQ6+vdq2PJ5dC9ABW1sJnOQbL5Qc/HpNOYehf/4lW+jY4vh2tr3fsWafrWzRtlDW5f9aVzjUVj72FmCqzBypBQCKzbjLp8jZUPo7OZyYm7bYkvw/sAAFMd7V3lp5sGqs+fjRcZhVYKY0xupwysfpogk0jcb5ucffbbKu9Esv1Kl1N2+Ekk5rg2DIXRmog1Jdr3F/Tm5mO0edc6MSP/CvjX+AV0DoH1Z+D54gAAAABJRU5ErkJggg==');

-- COMPLAINTS (For admin, help desk)

INSERT INTO Complaint(complaint_id,user_id,description,status) VALUES (1,13,'billing errors','open');
INSERT INTO Complaint(complaint_id,user_id,description,status) VALUES (2,11,'unresponsive support','pending');
INSERT INTO Complaint(complaint_id,user_id,description,status) VALUES (3,33,'slow loading times','pending');
INSERT INTO Complaint(complaint_id,user_id,description,status) VALUES (4,32,'broken links','open');
INSERT INTO Complaint(complaint_id,user_id,description,status) VALUES (5,23,'poor customer service','open');
INSERT INTO Complaint(complaint_id,user_id,description,status) VALUES (6,9,'poor quality products','closed');
INSERT INTO Complaint(complaint_id,user_id,description,status) VALUES (7,5,'unresponsive support','pending');
INSERT INTO Complaint(complaint_id,user_id,description,status) VALUES (8,6,'poor quality products','pending');
INSERT INTO Complaint(complaint_id,user_id,description,status) VALUES (9,36,'incorrect product descriptions','open');
INSERT INTO Complaint(complaint_id,user_id,description,status) VALUES (10,24,'poor quality products','open');
INSERT INTO Complaint(complaint_id,user_id,description,status) VALUES (11,4,'website crashes','pending');
INSERT INTO Complaint(complaint_id,user_id,description,status) VALUES (12,27,'poor quality products','closed');
INSERT INTO Complaint(complaint_id,user_id,description,status) VALUES (13,18,'poor customer service','open');
INSERT INTO Complaint(complaint_id,user_id,description,status) VALUES (14,11,'website crashes','closed');
INSERT INTO Complaint(complaint_id,user_id,description,status) VALUES (15,24,'unresponsive support','open');
INSERT INTO Complaint(complaint_id,user_id,description,status) VALUES (16,22,'billing errors','open');
INSERT INTO Complaint(complaint_id,user_id,description,status) VALUES (17,1,'poor customer service','pending');
INSERT INTO Complaint(complaint_id,user_id,description,status) VALUES (18,4,'billing errors','open');
INSERT INTO Complaint(complaint_id,user_id,description,status) VALUES (19,18,'broken links','open');
INSERT INTO Complaint(complaint_id,user_id,description,status) VALUES (20,16,'slow loading times','open');
INSERT INTO Complaint(complaint_id,user_id,description,status) VALUES (21,23,'shipping delays','pending');
INSERT INTO Complaint(complaint_id,user_id,description,status) VALUES (22,15,'poor quality products','open');
INSERT INTO Complaint(complaint_id,user_id,description,status) VALUES (23,1,'website crashes','open');
INSERT INTO Complaint(complaint_id,user_id,description,status) VALUES (24,13,'billing errors','pending');
INSERT INTO Complaint(complaint_id,user_id,description,status) VALUES (25,6,'billing errors','pending');
INSERT INTO Complaint(complaint_id,user_id,description,status) VALUES (26,18,'broken links','closed');
INSERT INTO Complaint(complaint_id,user_id,description,status) VALUES (27,8,'broken links','open');
INSERT INTO Complaint(complaint_id,user_id,description,status) VALUES (28,38,'shipping delays','closed');
INSERT INTO Complaint(complaint_id,user_id,description,status) VALUES (29,19,'poor quality products','pending');
INSERT INTO Complaint(complaint_id,user_id,description,status) VALUES (30,13,'poor customer service','closed');
INSERT INTO Complaint(complaint_id,user_id,description,status) VALUES (31,2,'unresponsive support','closed');
INSERT INTO Complaint(complaint_id,user_id,description,status) VALUES (32,3,'shipping delays','open');
INSERT INTO Complaint(complaint_id,user_id,description,status) VALUES (33,30,'billing errors','open');
INSERT INTO Complaint(complaint_id,user_id,description,status) VALUES (34,1,'broken links','open');
INSERT INTO Complaint(complaint_id,user_id,description,status) VALUES (35,15,'billing errors','pending');
INSERT INTO Complaint(complaint_id,user_id,description,status) VALUES (36,26,'slow loading times','closed');
INSERT INTO Complaint(complaint_id,user_id,description,status) VALUES (37,28,'website crashes','closed');
INSERT INTO Complaint(complaint_id,user_id,description,status) VALUES (38,9,'unresponsive support','pending');
INSERT INTO Complaint(complaint_id,user_id,description,status) VALUES (39,31,'unresponsive support','open');
INSERT INTO Complaint(complaint_id,user_id,description,status) VALUES (40,36,'shipping delays','open');
INSERT INTO Complaint(complaint_id,user_id,description,status) VALUES (41,25,'incorrect product descriptions','open');
INSERT INTO Complaint(complaint_id,user_id,description,status) VALUES (42,15,'shipping delays','pending');
INSERT INTO Complaint(complaint_id,user_id,description,status) VALUES (43,16,'billing errors','closed');
INSERT INTO Complaint(complaint_id,user_id,description,status) VALUES (44,16,'website crashes','open');
INSERT INTO Complaint(complaint_id,user_id,description,status) VALUES (45,18,'spam emails','open');
INSERT INTO Complaint(complaint_id,user_id,description,status) VALUES (46,30,'slow loading times','open');
INSERT INTO Complaint(complaint_id,user_id,description,status) VALUES (47,24,'unresponsive support','pending');
INSERT INTO Complaint(complaint_id,user_id,description,status) VALUES (48,29,'poor quality products','closed');
INSERT INTO Complaint(complaint_id,user_id,description,status) VALUES (49,28,'incorrect product descriptions','pending');
INSERT INTO Complaint(complaint_id,user_id,description,status) VALUES (50,30,'billing errors','open');
INSERT INTO Complaint(complaint_id,user_id,description,status) VALUES (51,4,'incorrect product descriptions','closed');
INSERT INTO Complaint(complaint_id,user_id,description,status) VALUES (52,32,'slow loading times','open');
INSERT INTO Complaint(complaint_id,user_id,description,status) VALUES (53,23,'incorrect product descriptions','open');
INSERT INTO Complaint(complaint_id,user_id,description,status) VALUES (54,3,'shipping delays','closed');
INSERT INTO Complaint(complaint_id,user_id,description,status) VALUES (55,38,'billing errors','pending');
INSERT INTO Complaint(complaint_id,user_id,description,status) VALUES (56,17,'unresponsive support','open');
INSERT INTO Complaint(complaint_id,user_id,description,status) VALUES (57,4,'unresponsive support','pending');
INSERT INTO Complaint(complaint_id,user_id,description,status) VALUES (58,32,'website crashes','closed');
INSERT INTO Complaint(complaint_id,user_id,description,status) VALUES (59,11,'broken links','pending');
INSERT INTO Complaint(complaint_id,user_id,description,status) VALUES (60,18,'broken links','closed');

-- FLAGS (admin)

INSERT INTO Flag(flag_id,admin_id,review_id,reason) VALUES (1,32,28,'spam');
INSERT INTO Flag(flag_id,admin_id,review_id,reason) VALUES (2,16,64,'inappropriate language');
INSERT INTO Flag(flag_id,admin_id,review_id,reason) VALUES (3,16,45,'inappropriate language');
INSERT INTO Flag(flag_id,admin_id,review_id,reason) VALUES (4,2,53,'irrelevant');
INSERT INTO Flag(flag_id,admin_id,review_id,reason) VALUES (5,26,11,'offensive content');
INSERT INTO Flag(flag_id,admin_id,review_id,reason) VALUES (6,39,27,'spam');
INSERT INTO Flag(flag_id,admin_id,review_id,reason) VALUES (7,32,64,'inappropriate language');
INSERT INTO Flag(flag_id,admin_id,review_id,reason) VALUES (8,35,47,'offensive content');
INSERT INTO Flag(flag_id,admin_id,review_id,reason) VALUES (9,22,18,'inappropriate language');
INSERT INTO Flag(flag_id,admin_id,review_id,reason) VALUES (10,9,17,'offensive content');
INSERT INTO Flag(flag_id,admin_id,review_id,reason) VALUES (11,10,16,'offensive content');
INSERT INTO Flag(flag_id,admin_id,review_id,reason) VALUES (12,16,44,'offensive content');
INSERT INTO Flag(flag_id,admin_id,review_id,reason) VALUES (13,31,12,'irrelevant');
INSERT INTO Flag(flag_id,admin_id,review_id,reason) VALUES (14,29,46,'offensive content');
INSERT INTO Flag(flag_id,admin_id,review_id,reason) VALUES (15,26,57,'offensive content');

-- TAG

INSERT INTO Tag(tag_id,tag_name) VALUES (1,'Fast Food');
INSERT INTO Tag(tag_id,tag_name) VALUES (2,'Fine Dining');
INSERT INTO Tag(tag_id,tag_name) VALUES (3,'Casual Dining');
INSERT INTO Tag(tag_id,tag_name) VALUES (4,'Family Friendly');
INSERT INTO Tag(tag_id,tag_name) VALUES (5,'Vegan Options');
INSERT INTO Tag(tag_id,tag_name) VALUES (6,'Vegetarian Friendly');
INSERT INTO Tag(tag_id,tag_name) VALUES (7,'Gluten Free Options');
INSERT INTO Tag(tag_id,tag_name) VALUES (8,'Halal Certified');
INSERT INTO Tag(tag_id,tag_name) VALUES (9,'Kosher Options');
INSERT INTO Tag(tag_id,tag_name) VALUES (10,'Pet Friendly');
INSERT INTO Tag(tag_id,tag_name) VALUES (11,'Outdoor Seating');
INSERT INTO Tag(tag_id,tag_name) VALUES (12,'Waterfront Views');
INSERT INTO Tag(tag_id,tag_name) VALUES (13,'Late Night Dining');
INSERT INTO Tag(tag_id,tag_name) VALUES (14,'Breakfast Spot');
INSERT INTO Tag(tag_id,tag_name) VALUES (15,'Brunch Favorite');
INSERT INTO Tag(tag_id,tag_name) VALUES (16,'Lunch Specials');
INSERT INTO Tag(tag_id,tag_name) VALUES (17,'Takeout Available');
INSERT INTO Tag(tag_id,tag_name) VALUES (18,'Delivery Service');
INSERT INTO Tag(tag_id,tag_name) VALUES (19,'Drive Thru');
INSERT INTO Tag(tag_id,tag_name) VALUES (20,'Buffet Style');
INSERT INTO Tag(tag_id,tag_name) VALUES (21,'All You Can Eat');
INSERT INTO Tag(tag_id,tag_name) VALUES (22,'Farm to Table');
INSERT INTO Tag(tag_id,tag_name) VALUES (23,'Organic Ingredients');
INSERT INTO Tag(tag_id,tag_name) VALUES (24,'Locally Sourced');
INSERT INTO Tag(tag_id,tag_name) VALUES (25,'Sustainable Practices');
INSERT INTO Tag(tag_id,tag_name) VALUES (26,'Eco Friendly');
INSERT INTO Tag(tag_id,tag_name) VALUES (27,'Trendy Atmosphere');
INSERT INTO Tag(tag_id,tag_name) VALUES (28,'Romantic Setting');
INSERT INTO Tag(tag_id,tag_name) VALUES (29,'Group Friendly');
INSERT INTO Tag(tag_id,tag_name) VALUES (30,'Live Music');
INSERT INTO Tag(tag_id,tag_name) VALUES (31,'Sports Bar');
INSERT INTO Tag(tag_id,tag_name) VALUES (32,'Craft Cocktails');
INSERT INTO Tag(tag_id,tag_name) VALUES (33,'Full Bar');
INSERT INTO Tag(tag_id,tag_name) VALUES (34,'Coffee and Cafe');
INSERT INTO Tag(tag_id,tag_name) VALUES (35,'Dessert Specialties');
INSERT INTO Tag(tag_id,tag_name) VALUES (36,'Street Food Style');
INSERT INTO Tag(tag_id,tag_name) VALUES (37,'Food Truck');
INSERT INTO Tag(tag_id,tag_name) VALUES (38,'Fusion Cuisine');
INSERT INTO Tag(tag_id,tag_name) VALUES (39,'International Flavors');
INSERT INTO Tag(tag_id,tag_name) VALUES (40,'Chef Specials');

-- COMPANY-TAG BRIDGE TABLE

INSERT INTO CompanyTag(tag_id,tag_name) VALUES (1,'Fast Food');
INSERT INTO CompanyTag(tag_id,tag_name) VALUES (2,'Fine Dining');
INSERT INTO CompanyTag(tag_id,tag_name) VALUES (3,'Casual Dining');
INSERT INTO CompanyTag(tag_id,tag_name) VALUES (4,'Family Friendly');
INSERT INTO CompanyTag(tag_id,tag_name) VALUES (5,'Vegan Options');
INSERT INTO CompanyTag(tag_id,tag_name) VALUES (6,'Vegetarian Friendly');
INSERT INTO CompanyTag(tag_id,tag_name) VALUES (7,'Gluten Free Options');
INSERT INTO CompanyTag(tag_id,tag_name) VALUES (8,'Halal Certified');
INSERT INTO CompanyTag(tag_id,tag_name) VALUES (9,'Kosher Options');
INSERT INTO CompanyTag(tag_id,tag_name) VALUES (10,'Pet Friendly');
INSERT INTO CompanyTag(tag_id,tag_name) VALUES (11,'Outdoor Seating');
INSERT INTO CompanyTag(tag_id,tag_name) VALUES (12,'Waterfront Views');
INSERT INTO CompanyTag(tag_id,tag_name) VALUES (13,'Late Night Dining');
INSERT INTO CompanyTag(tag_id,tag_name) VALUES (14,'Breakfast Spot');
INSERT INTO CompanyTag(tag_id,tag_name) VALUES (15,'Brunch Favorite');
INSERT INTO CompanyTag(tag_id,tag_name) VALUES (16,'Lunch Specials');
INSERT INTO CompanyTag(tag_id,tag_name) VALUES (17,'Takeout Available');
INSERT INTO CompanyTag(tag_id,tag_name) VALUES (18,'Delivery Service');
INSERT INTO CompanyTag(tag_id,tag_name) VALUES (19,'Drive Thru');
INSERT INTO CompanyTag(tag_id,tag_name) VALUES (20,'Buffet Style');
INSERT INTO CompanyTag(tag_id,tag_name) VALUES (21,'All You Can Eat');
INSERT INTO CompanyTag(tag_id,tag_name) VALUES (22,'Farm to Table');
INSERT INTO CompanyTag(tag_id,tag_name) VALUES (23,'Organic Ingredients');
INSERT INTO CompanyTag(tag_id,tag_name) VALUES (24,'Locally Sourced');
INSERT INTO CompanyTag(tag_id,tag_name) VALUES (25,'Sustainable Practices');
INSERT INTO CompanyTag(tag_id,tag_name) VALUES (26,'Eco Friendly');
INSERT INTO CompanyTag(tag_id,tag_name) VALUES (27,'Trendy Atmosphere');
INSERT INTO CompanyTag(tag_id,tag_name) VALUES (28,'Romantic Setting');
INSERT INTO CompanyTag(tag_id,tag_name) VALUES (29,'Group Friendly');
INSERT INTO CompanyTag(tag_id,tag_name) VALUES (30,'Live Music');
INSERT INTO CompanyTag(tag_id,tag_name) VALUES (31,'Sports Bar');
INSERT INTO CompanyTag(tag_id,tag_name) VALUES (32,'Craft Cocktails');
INSERT INTO CompanyTag(tag_id,tag_name) VALUES (33,'Full Bar');
INSERT INTO CompanyTag(tag_id,tag_name) VALUES (34,'Coffee and Cafe');
INSERT INTO CompanyTag(tag_id,tag_name) VALUES (35,'Dessert Specialties');
INSERT INTO CompanyTag(tag_id,tag_name) VALUES (36,'Street Food Style');
INSERT INTO CompanyTag(tag_id,tag_name) VALUES (37,'Food Truck');
INSERT INTO CompanyTag(tag_id,tag_name) VALUES (38,'Fusion Cuisine');
INSERT INTO CompanyTag(tag_id,tag_name) VALUES (39,'International Flavors');
INSERT INTO CompanyTag(tag_id,tag_name) VALUES (40,'Chef Specials');
